stim;normal;normal;normal;normal;normal;normal;normal;normal;normal;normal;normal;normal;normal;normal;normal;normal;normal;normal;normal;normal;normal;normal;normal;normal;normal;normal;normal;normal;normal;normal;normal;normal;normal;normal;normal;normal;inverted;inverted;inverted;inverted;inverted;inverted;inverted;inverted;inverted;inverted;inverted;inverted;inverted;inverted;inverted;inverted;inverted;inverted;inverted;inverted;inverted;inverted;inverted;inverted;inverted;inverted;inverted;inverted;inverted;inverted;inverted;inverted;inverted;inverted;inverted;inverted;scrambled;scrambled;scrambled;scrambled;scrambled;scrambled;scrambled;scrambled;scrambled;scrambled;scrambled;scrambled;scrambled;scrambled;scrambled;scrambled;scrambled;scrambled;scrambled;scrambled;scrambled;scrambled;scrambled;scrambled;scrambled;scrambled;scrambled;scrambled;scrambled;scrambled;scrambled;scrambled;scrambled;scrambled;scrambled;scrambled
intensity;0;0;0;0;0;0;0;0;0;0;0;0;0;0;0;0;0;0;4;4;4;4;4;4;4;4;4;4;4;4;4;4;4;4;4;4;0;0;0;0;0;0;0;0;0;0;0;0;0;0;0;0;0;0;4;4;4;4;4;4;4;4;4;4;4;4;4;4;4;4;4;4;0;0;0;0;0;0;0;0;0;0;0;0;0;0;0;0;0;0;4;4;4;4;4;4;4;4;4;4;4;4;4;4;4;4;4;4
trial;0;1;2;3;4;5;6;7;8;9;10;11;12;13;14;15;16;17;0;1;2;3;4;5;6;7;8;9;10;11;12;13;14;15;16;17;0;1;2;3;4;5;6;7;8;9;10;11;12;13;14;15;16;17;0;1;2;3;4;5;6;7;8;9;10;11;12;13;14;15;16;17;0;1;2;3;4;5;6;7;8;9;10;11;12;13;14;15;16;17;0;1;2;3;4;5;6;7;8;9;10;11;12;13;14;15;16;17
-0.9510286909841549;0.3992419992300551;-0.22276160513104384;-0.07489062941808838;0.19997581085303448;0.7426235165726501;0.0643875484579735;-0.05999457266505733;0.09127544184116508;0.9490166081717633;0.31908739056058627;0.5091772901911824;-0.027725132258908946;0.2907750815158103;0.4381513272594524;0.4325250702616977;0.18862307100004802;0.19075286417972706;0.13148760711221635;0.4416899201012433;-0.1639282150991853;-0.144744352066766;-0.011966374214206696;0.07728539870315106;-0.15784002077532022;0.2931343644552899;0.026866418899343755;-0.15689278392608372;-0.3279373595119469;0.008499920389662574;0.34438475460994766;0.0501451295044264;0.44065960210501864;0.2922909372369718;-0.08031551073852923;0.23408447607991736;-0.27001919032909494;-0.10337424548736862;0.015263609478642326;-0.0361341081420772;0.5841713001522426;0.5512082603660532;0.3676682689642575;0.16637488992776128;-0.1946933833028588;0.016160917236723346;0.8605469007207636;0.4281771798247904;0.2667374858213647;0.22634266526289948;-0.03011482199725875;-0.05624535259496061;-0.0495334127584921;0.4741999973598392;0.01841479955338174;0.5861013366349032;0.2866026805696139;-0.5369954928333157;0.5077864873231177;-0.5794633828623941;-0.06626707325000653;-0.47185436533182695;-0.1628993443011483;0.030485402956597796;-0.25548711796282914;-0.24547280819847064;0.01456728170389085;0.5122710033590386;0.09009480376002184;-0.37724718730818035;0.5274751444030211;-0.020536093504048267;0.8983295153517077;0.5686746815210657;0.13529011618845171;0.347625057624093;0.7077768955969629;0.7058221341634507;-0.3356661423738083;0.4912080028209807;0.156498558097891;-0.1276163205165526;0.3999111339566417;0.10651045535894099;-0.19268801533842897;0.444411797047537;0.2014858860943202;0.3006090582534159;0.2869865844604961;0.4513181819410652;0.36362055118905057;0.2372238500091902;0.15277893121985506;0.19877833657080712;0.6036949173299314;-0.22752628299144992;0.2140666452784812;0.134588746653829;-0.28720697411018364;0.6329977185118278;-0.017322139998892244;0.2773672564115426;-0.3295241552692836;-0.2858244568874267;0.2687356178864854;0.5264350806092306;-0.3990853756990446;0.11161484574387631;0.15146072945330266
-0.8998294282946517;0.19026263604417074;-0.34732049753621635;0.008743688279532855;0.28222751731895734;0.6885516484912358;0.2238005194516451;0.22386199726643966;0.13464698412689746;0.7971033737316465;0.15105502662462578;0.3805360060265625;-0.11896819364541285;0.44940726321346797;0.5386891326027247;0.45771194299881673;0.1970444227832073;0.24308033176548927;0.4031921014766589;0.42970550811245606;-0.16630090373018114;0.01900772096241014;0.09680990802610703;-0.03720708979745791;-0.1592125643897385;-0.10100196427551582;0.12231052605031757;-0.2594663151176737;-0.11602948194907467;-0.14729570399975378;0.3607461230746933;0.036534949406072305;0.06728293235224538;0.18472069234068725;-0.16567965195898368;0.3346642162633457;0.0711876447199325;0.1611013178804069;-0.12615299251574702;-0.0611426635567627;0.4862686391098741;0.5304293588241996;0.3529062948534576;0.3136046538837628;-0.325420886597152;0.32891929335222614;0.4822546892567258;0.4172942380946365;0.04436340185909442;0.19196410169107184;0.023743226361222242;-0.04633349802978245;-0.08434842848478888;0.4593126211779876;-0.008282980879495389;0.35320010755447484;0.12858387521076647;-0.3859594098314892;0.3736870286814526;-0.32883596195965303;0.03145692762791183;-0.24841168200561617;-0.5484748044639005;0.12372623519669665;-0.3213320799187889;-0.19714250751459986;0.22875414734888716;0.45400567529336566;0.176285576448471;-0.19853378682094136;0.668683570884625;0.13299824793269635;0.7163514320074083;0.5682742692952197;0.27351942909523785;0.31770982669802267;0.3967822005454699;0.47641085671461975;-0.3334305627443688;0.3225460118980278;0.46091239389728855;0.03616257442020317;0.2769654507728097;0.1826995065368214;-0.35281225418882967;0.49012235770414875;0.3566800287505022;0.27484408304322017;0.23356151919698953;0.34538712030907853;0.04966352322346973;0.21146036157631168;0.08451169932812516;0.006720484264555182;0.5708292724714961;0.14659358727185137;0.18947772120143921;-0.04140558692521876;-0.1638804964593461;0.554443936407125;-0.1543933241680154;0.2946565458992162;-0.32180201681108717;-0.27827242698702376;0.23556712946051167;0.45377170300081665;-0.2803525388871735;0.23239832382048964;0.15933432757017776
-0.8504679678092847;0.04648053915013718;-0.34640061910243847;0.08414162825638412;0.28001953392700313;0.6675219843553348;0.3028775784390113;0.36078706660740834;0.16479780705524727;0.6877251943299131;0.12394772153467785;0.30152036624041645;-0.0786428215403599;0.5069246405331872;0.528281254964329;0.3924756533567157;0.2433717047128043;0.1792018293012824;0.5521612727445897;0.38689767697968536;-0.1549288559415491;0.030785598529130893;0.13015654005699667;0.010954083624582237;-0.13768058073126557;-0.22567342209237182;0.07338423779900038;-0.2316934468212448;-0.011871611152610352;-0.1697202989944689;0.3455649357814017;0.012002645574135514;-0.12462550962021941;0.1027284150316568;-0.18730483752451424;0.3505106838972131;0.2723727694022858;0.2915486469515443;-0.18896197777903687;-0.06679905967991027;0.4389477887683337;0.5118531900016432;0.2709982444649144;0.31475482791465303;-0.3568406804151927;0.39147455700642886;0.26368282739143917;0.4154910776955342;0.05383862004618768;0.17153611772569036;0.0032917932358908684;-0.027641978810678314;-0.10971678744264377;0.4291854312158658;-0.14299039457600465;0.21802390743083047;0.09413247369543123;-0.28021964863034776;0.2638828246592978;-0.19191224488791345;0.08006946696925904;-0.1387320346291715;-0.7124719654155532;0.16976909644589128;-0.2798577311693574;-0.10780495433529269;0.3401846751359829;0.38264805868854374;0.25834360927855027;-0.13329471504383197;0.6770929570439332;0.21496845934920608;0.5212181048433056;0.48803395535393534;0.3299810462887987;0.24505397968423542;0.22508182764465123;0.30534537183107957;-0.2920197462559467;0.18950658342049614;0.5629704997010411;0.18339700371215578;0.11315473576676154;0.19126694972724168;-0.34782409122054814;0.423588186668108;0.3999263990384384;0.26441201059569586;0.19873564648954342;0.2434232873174408;-0.10180441356445924;0.16554671033304585;0.0812342766837102;0.025299610951383958;0.49956342624629624;0.3775746806074787;0.08853681468737078;-0.1804729048138625;-0.07576927996959702;0.477533069725013;-0.1954399064674818;0.3642060585245814;-0.2757181887619647;-0.3176162924736415;0.23477448459901132;0.38163054454156126;-0.21378283300911063;0.18192374214683307;0.14466707943526366
-0.8002572986018398;-0.048739351847341614;-0.27602916718556614;0.13957043582680315;0.22982152147191723;0.6559473240962189;0.3231374056617004;0.3995620096781813;0.1782066597108728;0.5970135355836578;0.1601746128294693;0.24908957001773047;0.022671384064889517;0.4950685564078691;0.4584524089283531;0.2840620424279361;0.30166848395917195;0.06049848538623374;0.6061335694395689;0.3219953837881516;-0.13413974878673957;-0.02583734809843014;0.1232301717270349;0.13370100212968494;-0.10639165051751637;-0.1926327980858728;-0.038266033875953356;-0.14252185610222595;0.026218969107519384;-0.12150024869882808;0.30577678817131587;-0.008570669831616676;-0.1920767071812848;0.04248237683167585;-0.16889800784771913;0.3119210278365036;0.3671836411029647;0.33410369840993004;-0.19417191417126983;-0.06377495119835341;0.40209664096841546;0.48446889515979774;0.16281819507879908;0.22939537203534718;-0.32405591545844703;0.3054022718826215;0.14154562396648698;0.41627693980111663;0.18050750349577077;0.153948076252444;-0.04667091027540671;-0.014677708770868055;-0.1178583189104505;0.38558785688067526;-0.3040737116103141;0.1440254444055309;0.12598459294792516;-0.19835264920418302;0.17342720685338509;-0.1299873751483481;0.09351327840392365;-0.10240052232181045;-0.7069920628862832;0.1731812969505775;-0.18181665970582653;-0.017340885380963372;0.37906638595715914;0.3105982112976379;0.31485061919458185;-0.13003859037442422;0.6023942389007315;0.24954310236653168;0.33573302222546536;0.3649834813519591;0.32828107438265675;0.15584273657175773;0.1363203137487733;0.18143905816685607;-0.22891537197307898;0.07370519708348572;0.5359904138392576;0.31134242207534385;-0.05071990302263122;0.15742176248989426;-0.2548027692685804;0.2914674293782473;0.3730767392670993;0.2580317259875497;0.17172096178358418;0.1539633485427455;-0.15652670076698227;0.11463096632583931;0.10715983909278684;0.1371027518707691;0.40573515759163176;0.49509664151057176;-0.030891470681408194;-0.2758314168158388;-0.004699630682676592;0.39796554687126307;-0.1754898816066234;0.42896992474287804;-0.2036828407779703;-0.36731530247681726;0.2462512079932928;0.3090053907114359;-0.17198974223319982;0.055429038453178904;0.11708166148336883
-0.7481008433314855;-0.10820186093647136;-0.17625829097543036;0.16950510934482613;0.1581962714020598;0.6368120388364816;0.30225409596782055;0.376990943397043;0.17431625140687812;0.5090469081309464;0.2075767649925542;0.2074418436060238;0.13564331356515255;0.43854266349135446;0.36452352405935984;0.16553566944685041;0.3532249650013018;-0.06968243182298998;0.5890530837445411;0.24297674575471814;-0.10704626162217039;-0.09529656138761507;0.09985523488417627;0.26912899686847824;-0.0740230099601778;-0.08395780683306303;-0.1570627115671845;-0.03935528594742013;0.02875659828937166;-0.046579201324746466;0.2483313370227701;-0.017840678200179722;-0.18074234892806396;0.0004554650386264421;-0.1282844225957783;0.24250733596395313;0.3843440097259745;0.32332563668778413;-0.15989353304909032;-0.05893008889103394;0.35222986745472123;0.44234144340280185;0.05636606878860048;0.10339348711389822;-0.25401642889097953;0.1470241515717326;0.07108205684817388;0.41365628774634794;0.34184187583094194;0.13259890395970053;-0.09653570094040868;-0.014539024276971452;-0.10603938357646858;0.3306293207100937;-0.4385065575407421;0.10446640330572429;0.18201584916412133;-0.12743527191436518;0.09888399507054146;-0.11241731688611727;0.08338414447719737;-0.10739576290554674;-0.5821115222043854;0.14202386930786298;-0.06418180076399992;0.05092938880595996;0.36903901788005966;0.2451096005094888;0.33517085220826665;-0.1518256010115517;0.4822155556964094;0.25428394715821273;0.1744109677480008;0.22658273656842726;0.2878776112536893;0.06753276177641296;0.09004260153468677;0.09447349753751687;-0.1573380442949374;-0.03372695719323032;0.43509634012545834;0.416103447049199;-0.18777926331922365;0.10039385513569392;-0.12887158422034609;0.1303975270441576;0.3072574634136377;0.24805774983653292;0.14547619296929568;0.08085549355154602;-0.1612881494236361;0.067985997174423;0.13805445228898494;0.26309717691832657;0.30164356638374895;0.5250109994781907;-0.13169081284691028;-0.3263472984976479;0.05947747074173556;0.31364711945601387;-0.12177005731502011;0.45567554994400566;-0.11656290277872966;-0.40273205094102327;0.25560394954285337;0.23579676266763935;-0.13712882902624143;-0.08245890155661624;0.0836882999226142
-0.6989774381700045;-0.1415220292862702;-0.07398724249419604;0.17320364287208645;0.0834282182482206;0.5987557900794703;0.2545062154939932;0.31984292538683645;0.15474065982200966;0.4144101494784372;0.23466038852203558;0.16668068148758264;0.2285535737664334;0.35605580957108857;0.2687505244056793;0.05823911076009388;0.38550466090625585;-0.18291352883995834;0.52130004532283;0.15697090882155496;-0.07590669655472289;-0.14459561204289784;0.0747458247202386;0.37710001251143616;-0.045661254925491834;0.04318142537926841;-0.24871678821997079;0.048069068466628784;0.016933804733048105;0.026461214453192647;0.17989175756086626;-0.0140692116725996;-0.12621262819387402;-0.026613588426994923;-0.07837267351160522;0.16004273644992026;0.3480110770369621;0.28400373366310455;-0.10149874306909323;-0.056042152048300875;0.2788634733265441;0.38345639601459997;-0.03100761945499582;-0.02940800148175245;-0.166764392118633;-0.02883990705322008;0.02271689154502558;0.4023667405705058;0.48229202894480694;0.10445966052346543;-0.12896897172650165;-0.028690126284739492;-0.07539518021527747;0.266633727512918;-0.5163774401375221;0.0807443917636283;0.23306505529805582;-0.061048564682141704;0.0379211381132993;-0.11573652275240039;0.059127754279953426;-0.12927094426787597;-0.3841531599237784;0.08645406771680614;0.04765847782637295;0.08659589704803619;0.3280843435236033;0.18938873298840064;0.3169927485844084;-0.17385789053313438;0.3439174828640478;0.2412918919532151;0.04498505690211868;0.09218585363039704;0.2244574949224405;-0.00935124659564529;0.05906131969827719;0.035302734259759216;-0.08679208912035086;-0.13463688245000366;0.30020180265012625;0.4933519761060284;-0.2826138181589862;0.034352646595689276;-0.0068879007122583475;-0.031884761016264175;0.22461858816399388;0.22985553635327305;0.11601069278793591;0.024520636942700236;-0.147216618841697;0.030326394016065638;0.1590346973254268;0.3552925062113434;0.19651927924011497;0.48970386206971106;-0.19349147100662822;-0.3351315214974584;0.12075404114373534;0.22433269041742804;-0.05469462965094013;0.4297485390865493;-0.023777647648268303;-0.40915181242565885;0.25337956910237036;0.16260425965493278;-0.09902283907955671;-0.19210328376628039;0.0494935760358686
-0.6492927812417596;-0.15571247569733923;0.014453533267935147;0.15342010552486948;0.017024355603553337;0.5352101008231347;0.19119845587856904;0.24663887324696318;0.12255772712086402;0.3088699997113202;0.22623943178568467;0.12159290376565453;0.28394006172807934;0.2612843727856982;0.18317976542784667;-0.025943504201140593;0.3911576121603135;-0.2628253008836914;0.4199255063487559;0.07018203436397273;-0.04243252191742749;-0.15834664378567762;0.05552775488038254;0.435183672805058;-0.0236052479862362;0.15211708508284186;-0.2958491416938642;0.10412256012287947;0.004324008916587546;0.08127387829654714;0.10657766353820486;0.0005971671608710621;-0.055199097187709406;-0.041751632741865254;-0.02804102264065513;0.0772607001859337;0.2781255577018491;0.23283187023857677;-0.031782201164507085;-0.05647610012299104;0.18123294250054192;0.30867927271076856;-0.09054725132175839;-0.14559190512764705;-0.07658403493966809;-0.18538225948813553;-0.02099682386530516;0.37807329422740865;0.5685164009037282;0.06922129080174924;-0.13625407450109273;-0.05455890034698787;-0.029862982445891043;0.1960280460997698;-0.5258696414184346;0.060858039640049946;0.2608909727842085;0.0025123265725609154;-0.0110455591454288;-0.12280945408383644;0.028235662259428113;-0.15034060574800953;-0.15424789751337267;0.01750147593693363;0.13786837839802432;0.08886463678842385;0.2693779540325453;0.14359405396674133;0.26410859138115145;-0.18125188487664953;0.20626075856893947;0.21826155303212366;-0.050206228703898514;-0.02560062020236755;0.15030295054443424;-0.06959536000337921;0.02702108437858597;-0.004066925824343703;-0.023584195754053572;-0.22608048776326978;0.15874322289798;0.5389448794967278;-0.3290220096757441;-0.030745656714266267;0.08915471645745225;-0.17546895932621928;0.13994565310299942;0.20122508927882346;0.08174482196324684;-0.016926433676801578;-0.13282063970015834;0.0029908532900859543;0.1625597765180948;0.3900547796052608;0.09696552361425886;0.40843245029017994;-0.2090126162915854;-0.3082786721723888;0.17864904720147387;0.13128441496965418;0.011198472395779055;0.3507097031721477;0.06661334850372273;-0.3799450633646202;0.23433011554323538;0.0905365739107961;-0.05345179847728213;-0.25370365614728446;0.01777592018198587
-0.6009676134008259;-0.15571766391550435;0.08095636907967774;0.1152555575003239;-0.0349124443453718;0.4435877785982922;0.12105588600602356;0.16928320499076652;0.08168644405710615;0.19216697106557823;0.17948754566145908;0.07053852976460198;0.29552588642208405;0.16375404664747684;0.11222012835218731;-0.08251871994694186;0.3671001530518545;-0.30249614572130984;0.2988902177478756;-0.01216459598757419;-0.008042838773343653;-0.13429194841225314;0.04456078633759557;0.434936046154595;-0.008092228365201737;0.22264060690768264;-0.2940134281046236;0.12404647713065259;-0.0015596356863109284;0.11091187215573384;0.033751490286667206;0.02163936306974736;0.013317424234819297;-0.04777517846593571;0.01705493403661043;0.0026075443919162575;0.19075464202145156;0.17995063980195183;0.03887455930479126;-0.05979304361329296;0.06535497518519674;0.22082951980508625;-0.12020783210108968;-0.23064757807830216;0.0069445539331403905;-0.3005804182742933;-0.06815388749972713;0.33751883046288966;0.5849899239937874;0.028527560038345567;-0.11788753709829251;-0.08695811457373188;0.024773694428468024;0.12124498360386393;-0.4687134749922999;0.03801025175194298;0.25626211749545463;0.06182210422633442;-0.04915862239860717;-0.12201595339937162;-0.003559651789396573;-0.15887314954655896;0.07281301289169048;-0.05398227604596792;0.19829576430846121;0.06361891941510611;0.20208300965099216;0.10573411619045532;0.18443213834473182;-0.16699256072224955;0.08094650381954135;0.18944452521659072;-0.11295200957377649;-0.119665476191365;0.07464813551248928;-0.1118506152452908;-0.013840178190399788;-0.030421576638440917;0.028684095445846196;-0.3022901112126645;0.028164419188962165;0.5494412688327261;-0.3279390671232691;-0.08838207903308462;0.14901225519966435;-0.2872421024863633;0.06213463005398226;0.1618728957079287;0.04292682305795679;-0.046695962782526114;-0.12676298143723524;-0.015009985637379143;0.14661809994052552;0.36207248016109633;0.007370070183192967;0.2976354762966377;-0.18074869339128574;-0.25374775858416465;0.22970863799000132;0.03694407437509423;0.06636347300640921;0.22804414756020486;0.14782986852018265;-0.31487318878544807;0.19671570012963593;0.021039178065402953;-0.0006081031068898753;-0.26260937019799124;-0.009572205503161041
-0.5474610452635412;-0.14489507680832386;0.12352840705827224;0.06514680278182934;-0.07043770773640368;0.3245251904313086;0.05059080128253633;0.0945402006483076;0.03634932205969957;0.06692351136256514;0.10039942096341535;0.014452467844018574;0.2654296382095358;0.06964107486977944;0.054931771949546994;-0.1125117449526577;0.3136612256059757;-0.30209437731812167;0.1693076966468478;-0.08585435741131373;0.025934229552372446;-0.0793066711299692;0.040561030032172526;0.3785161112333235;0.0020528752298323294;0.24732181961347027;-0.24812055394644933;0.11103281631009888;0.0021507358532676657;0.11528737937665479;-0.03415165925974754;0.04346872349841657;0.06699388516907027;-0.04730713239484772;0.05375327756660384;-0.059051862602914264;0.09842786036210135;0.13035705356788907;0.10233644322892403;-0.06429863417739325;-0.05856718263293598;0.12386908029084731;-0.12294095522274182;-0.2775314684918258;0.07798754997894952;-0.36423242670028466;-0.11999169612398997;0.27863091335951395;0.5299910429104591;-0.014706827923981572;-0.07843011475190868;-0.11932999554452407;0.08172999649893484;0.04463975239184148;-0.3561109087103427;0.009349613904002307;0.21717961993669252;0.1137031219814834;-0.0773750082522755;-0.1064704692145176;-0.03209062155180592;-0.14828908215866732;0.26943525067694163;-0.11820018664677662;0.22676633890811956;0.020836431653724043;0.13208595689486533;0.07246501851748924;0.08825423715874096;-0.13006965527852118;-0.025971063851145088;0.1565213128520435;-0.14802197900139885;-0.18724652171206868;0.004025582670036054;-0.13736260275282688;-0.06473288780028524;-0.04930883347834611;0.06865005967917341;-0.3563788527393012;-0.081847971557045;0.5225193414041595;-0.28555634913372263;-0.13477019039825552;0.17136389328904;-0.3599055856981163;-0.004470178432134014;0.11293217779800659;0.0011061850553755563;-0.06848218508980242;-0.1303701639214008;-0.026080247008347723;0.11310835246983608;0.2789745115638316;-0.06971195647260767;0.17121736342739458;-0.11799981312556422;-0.1803850058231539;0.2688226577606787;-0.05538027745902327;0.1054148663415706;0.07754244212294012;0.21429833881453955;-0.21853737448805063;0.14164526420917697;-0.04426031496358218;0.0562833996880587;-0.22510025332179548;-0.03173543570583917
-0.5001693383231517;-0.12544329740446722;0.14442169112175385;0.009992978523521082;-0.09064723239851649;0.18117738973119765;-0.015557829557250255;0.02535508503452629;-0.009380246697855074;-0.062331538694094024;0.0006614986530246985;-0.04404197857319776;0.20165800613421428;-0.01750706400066911;0.007031541739170144;-0.12079020468100359;0.23379524107084393;-0.26677223929514887;0.03969148503291653;-0.14769294084381493;0.05811322491220694;-0.005882646171545704;0.040023523276200026;0.27563992261836945;0.008844928879624514;0.22819030287242592;-0.16926472699449835;0.07362444339427868;0.014948815980840822;0.09892378896123116;-0.09375070557103131;0.06052079138737617;0.09908698562748743;-0.04278618697866402;0.08073545157883327;-0.10577519540546615;0.010465849282248835;0.08518184780126817;0.1525455512513309;-0.06753097397990591;-0.17839481769119267;0.022205565836918757;-0.10515100429905896;-0.28530731434564893;0.1335954396038368;-0.37525470152938656;-0.1731036212975605;0.2005848735485447;0.4119674030915022;-0.05689292942090224;-0.025612675894742216;-0.14481418217299194;0.13395370424790676;-0.03157907043533755;-0.20513255262541438;-0.02515004777570491;0.14723313967414012;0.15439704462921897;-0.09667211828367477;-0.0732751331730187;-0.054561331840763894;-0.11636498583059317;0.4157881768736118;-0.16711294860069076;0.22554091261438303;-0.027637986970971966;0.06267421232331774;0.03978711416913023;-0.01326357595209566;-0.07379581747089836;-0.11279942313375194;0.1193819312836444;-0.1621393761980225;-0.22889018228539415;-0.057397458364567645;-0.14887644740276024;-0.12216044516113428;-0.065031414933821;0.0967496085737704;-0.3817817168952072;-0.1673781497317943;0.4572928002342773;-0.21163121021244677;-0.16822271879389974;0.1612735198024458;-0.39103763957392096;-0.05887525143823366;0.05653146236384835;-0.041336501333917385;-0.08576233677744512;-0.13987791340594868;-0.03326006936770833;0.06641504138407073;0.15660012949172358;-0.13320439889664812;0.040806308554281995;-0.03424617596333283;-0.09708863967077638;0.29035743894115;-0.1418133945597633;0.12634776405503187;-0.08188612675921147;0.2615867364281336;-0.09897068468300667;0.07245524121805008;-0.10368911958139027;0.1121803372129375;-0.15463449214425093;-0.04869994183382034
-0.4499339385465646;-0.09877699679596227;0.14850132030387075;-0.04358001888603108;-0.09868655766740911;0.01856609510112997;-0.07431232011228923;-0.037980168317204466;-0.051945641245267474;-0.19002219435928466;-0.10506794716412056;-0.10140778875880727;0.11588074303333142;-0.09613152214656058;-0.03738496338227696;-0.11458365760231404;0.1323614889557834;-0.20481191819408617;-0.0837934003769723;-0.19549389381547355;0.08695611874783385;0.07090663731241212;0.038444979923041786;0.14087247645307588;0.014642874835502251;0.17377895480375583;-0.07195108598772001;0.02343463984886146;0.03408137832174716;0.06900100498184536;-0.14280182055622656;0.06813983550059732;0.10747010387424856;-0.03646886430691474;0.09795462243647168;-0.13793056443052046;-0.06669798064492863;0.04283439292196413;0.1853493800987532;-0.06668804427008343;-0.2819612359409752;-0.07988996930145337;-0.07532159268875793;-0.25786598424288115;0.17293699050432937;-0.3392423447524106;-0.2213710092090884;0.10382318008915037;0.24628020919305796;-0.09427907673451282;0.03130307767579269;-0.15713905752357904;0.1747482754642916;-0.10540459095143362;-0.03558701225908781;-0.06367195419606937;0.05408983400030766;0.18053036454684776;-0.1082037268103137;-0.022806689495925053;-0.06935515506371798;-0.0644432200397345;0.5000810722217975;-0.1949684061755978;0.19993575809146866;-0.06996385060506685;-0.004844187090899371;0.003640988634258019;-0.1093574942636291;-0.004306700532712556;-0.18105004812029482;0.0768151788255088;-0.16307396186855694;-0.24751702804791473;-0.10749278176271136;-0.14971718184855323;-0.1795668455666728;-0.08066518512570595;0.1148032653143634;-0.37343356548391854;-0.2285438866265295;0.35452684987007865;-0.11798739146911197;-0.1885894593030613;0.12793914084112765;-0.3822014292344594;-0.10237397289290145;-0.004588531641967912;-0.0816031976402926;-0.10123571977799513;-0.14841256276708392;-0.03958140041767777;0.012178524510886551;0.014920826936589318;-0.1831855194912802;-0.08401381324215315;0.05513347351176878;-0.012115658600291818;0.2891048753558811;-0.218197646643298;0.1298104735130665;-0.2309282223618699;0.28634711852719485;0.03362667491055775;-0.005873886999252204;-0.15564857263171197;0.1612727452848434;-0.06856372676919166;-0.061011183215942455
-0.39803951403761556;-0.06584882890330965;0.14185166293166857;-0.08981727108098374;-0.09888803064998457;-0.1570194789256319;-0.12387162444600781;-0.0968163120561372;-0.08858967578019711;-0.3102682818248673;-0.2014693534561983;-0.15385708622323474;0.021487978465426955;-0.16610249823787837;-0.08440466708653428;-0.10219887421291989;0.015470093621100264;-0.1260235565497044;-0.19707482705744606;-0.2280440431718306;0.11073015347347744;0.13595993908274132;0.03134671430182022;-0.008742723864072571;0.02173081000989574;0.09652977025963203;0.028275090908038134;-0.026813963690569376;0.055531668946196516;0.033693961149694085;-0.18023819262742447;0.06325415825902608;0.09370516912844008;-0.0304242146599538;0.1061427139812659;-0.1576312075987972;-0.12920287531293798;1.520449109407851e-05;0.19832646573787605;-0.05899465319181455;-0.3586356570261424;-0.17875065245710317;-0.04281224058221583;-0.202724963109294;0.19662914565947565;-0.2662919243660028;-0.2576138042024702;-0.009968899985138224;0.052327253708968055;-0.1233772108519217;0.08290905626576034;-0.15133645858048678;0.19828495807709054;-0.17507255372390562;0.13263739282338766;-0.10340050735923789;-0.05188361916535815;0.18987377492896104;-0.11340582236996406;0.04196272325192226;-0.07584328650881339;0.0033526470018815;0.5185488631717656;-0.19865740367717216;0.15710605353616566;-0.09582081746681076;-0.07057896699211919;-0.03959729277349375;-0.19069187523948128;0.07075700400110485;-0.234408213911505;0.027106579223184473;-0.15885499623691285;-0.24759322466081907;-0.14585508793921895;-0.14304551237069812;-0.22878727133180726;-0.09810165625838643;0.1256282940301927;-0.3286838800922342;-0.26800833569609783;0.2167537679091793;-0.017205935585215104;-0.19676648026424756;0.0827301695366189;-0.33809877769281815;-0.13761976563284636;-0.06740968776294198;-0.11683558087819464;-0.11640281913447419;-0.1477083960255443;-0.04755833603200301;-0.043740481072441634;-0.12538582652497887;-0.22059258496001113;-0.19549770167446792;0.13479936118882785;0.06746940588403469;0.2610477756672715;-0.2803635540454198;0.11842930671937253;-0.3521090419406222;0.2862657743393982;0.16800890850750863;-0.0872631395556864;-0.19871575601744074;0.19786800985316463;0.01468464402616119;-0.06956496960187095
-0.3491316360993248;-0.02741823210346932;0.1306206316657183;-0.12429473829623035;-0.09603546893770695;-0.3385689392253914;-0.16345409768600305;-0.15329157874983207;-0.1175522756499791;-0.41751209933581446;-0.2744630396976461;-0.1979021840456161;-0.06807012054460594;-0.22824020338485787;-0.13914163413443972;-0.09193087905166437;-0.11010548158036197;-0.04039526576968067;-0.29791371438634523;-0.24504679968072018;0.1275187608310738;0.17622104136285224;0.015097738916907008;-0.15571640196399691;0.0319758615753678;0.010561829862720556;0.1167975988566104;-0.06493106736360481;0.07485893523615006;0.00080434053704595;-0.20616632879272248;0.04484218108021095;0.06216947963576092;-0.026521169626639973;0.10639611687279148;-0.1682169808613497;-0.1754532658673771;-0.047403943921273076;0.19060946935865336;-0.04200890282539716;-0.4005435167496052;-0.27166681481065136;-0.016825289608336763;-0.12990748278091616;0.20616284095146098;-0.16908672417639276;-0.2749597959935028;-0.13793135445273086;-0.14895538426670163;-0.14130403121442225;0.12078039338645864;-0.12427976396881946;0.20000397290732724;-0.23908820454283272;0.2817585451302612;-0.14122727111286484;-0.1588659441401589;0.1818953997526247;-0.11405236291159715;0.11611093807799877;-0.07419417845048681;0.08089667682067976;0.47514733582338986;-0.17789602524669657;0.10499241406946132;-0.09756876417932939;-0.13555403207349012;-0.09272166770565944;-0.2501516918637272;0.14338559089768313;-0.2778303086537033;-0.031455005390628045;-0.1571042195204126;-0.234407908657635;-0.1734959478950209;-0.131288977246037;-0.2613016630024815;-0.11811495148761782;0.13267698344143697;-0.2479483345131303;-0.28974092149938474;0.04828805226290542;0.07849337398207827;-0.19427662643220162;0.037512600340425854;-0.26576951352560485;-0.1678362363157789;-0.12892296878680518;-0.1444157160641799;-0.1312844734236608;-0.12956093715175507;-0.058812003429901824;-0.09610190978768976;-0.24571039150944862;-0.24695558245723356;-0.2875590419272054;0.1910441670702138;0.1362037405693953;0.20394149703731143;-0.32438604982774155;0.09618561994555182;-0.4315628192146097;0.26002099952996294;0.29286299623967477;-0.1650426915728425;-0.23172744682659807;0.21711081637791127;0.07795794665709314;-0.07543183496205666
-0.2980528169440125;0.015732862279288475;0.12010201940301894;-0.14424132326624511;-0.09475641976884316;-0.5188441794992541;-0.19306765909255308;-0.20963171345442336;-0.1381831653503436;-0.5070287844440375;-0.3127010065162635;-0.23079481398987128;-0.1406613409433324;-0.28391637728604274;-0.20486503147144783;-0.0911697557145766;-0.23744938260992451;0.043004861178126595;-0.38564001014673704;-0.24704334452525195;0.13528555721724275;0.18227039211168328;-0.012461964087595492;-0.2838085427649955;0.04656285967215856;-0.0701985002047288;0.181496940327796;-0.0805809954124674;0.0878940923540311;-0.023314499546591982;-0.22181889377811478;0.014189307224061346;0.019237466108762712;-0.02640854978831908;0.09984007252205314;-0.17378264755027803;-0.20581839579534775;-0.10363230598694181;0.16270570618427999;-0.013868175461101417;-0.40344317752814246;-0.3571244117354699;-0.005543054962903082;-0.05090129748224368;0.20342474641476482;-0.061244462628641375;-0.2679324905771329;-0.27614119102302626;-0.33721297013391444;-0.1460369624572577;0.13835022248990042;-0.0750453596279259;0.17690476633831206;-0.29623906055976085;0.39781408005261354;-0.17431879859833185;-0.2546931361061478;0.15810788047655933;-0.11226094469726074;0.19337727316079642;-0.06518387307446935;0.16083366913115407;0.38095783780370496;-0.13523422595159804;0.051430511233979785;-0.07105214403473803;-0.20126191590975218;-0.15740228991595182;-0.28339700061907;0.20615442442720824;-0.31676865200525794;-0.10016209104707252;-0.1644888348532677;-0.21345648723068064;-0.1925478694488303;-0.11574849763605993;-0.26929126933788333;-0.1404532281036742;0.13970108476440665;-0.13509717705983254;-0.29802730631599167;-0.14485885584436958;0.15818004955973033;-0.18292131914292106;0.003262067597423174;-0.17383644283101873;-0.19616433118384324;-0.18636657560795125;-0.16221023800985823;-0.1442810982458819;-0.08701618315449267;-0.07382998850975286;-0.1409328777530146;-0.33163381165322153;-0.2641600674453837;-0.35561707301278933;0.21304247796522546;0.19049351351851973;0.11771185900982861;-0.346826469059593;0.06784508406714644;-0.4603312450097532;0.20724849301732573;0.3976438746792342;-0.23242163491761603;-0.25384639496344114;0.21553810696582476;0.10726150565832164;-0.0797147225879004
-0.2497089595893461;0.06263741461965648;0.11405589604253488;-0.14872309844478607;-0.0990420156395804;-0.6908199937639493;-0.2133073575959578;-0.26760528511951637;-0.1509695685411205;-0.5753203873998888;-0.3086493615549157;-0.2508535394068463;-0.1865670672694412;-0.3347363545714333;-0.28241043189804943;-0.10570321486762413;-0.3599577654980541;0.11687473727096574;-0.4608844758193296;-0.2353116976826044;0.1319914159820788;0.14943561801850738;-0.051597997698356476;-0.3793857267041974;0.06580580722422058;-0.133525157660281;0.21391638029337184;-0.06628560289187427;0.09129152731327762;-0.034539397524399024;-0.229464086178336;-0.025064437855261412;-0.027482599464390495;-0.031487726969121776;0.0873717316194237;-0.17875296655576323;-0.22233904631890375;-0.17234484598893993;0.11631511710784244;0.026525360895489857;-0.36725904683543026;-0.43492884122790915;-0.015435215058452828;0.02230289580488881;0.19031493111385955;0.04407251933873162;-0.23325760482528957;-0.4197679147882225;-0.49441307473771395;-0.1365849381399829;0.13152961933793914;-0.005097482436957179;0.1277253329042488;-0.3455935878364868;0.47190257136575586;-0.2005463063949354;-0.3278372755024791;0.1222093194743263;-0.11044838491486438;0.26674019313111363;-0.05000723422218781;0.2353465402620427;0.253301468082629;-0.07589085416871319;0.003423780597360926;-0.016048629189641138;-0.26927626419107165;-0.23399247274436008;-0.2891794261104847;0.2529960801612922;-0.35652382003261396;-0.1795646179989123;-0.1862944936591187;-0.18992986245629778;-0.2059784653578207;-0.0963803209941834;-0.24649817606492852;-0.16395456102985434;0.15044240387550753;0.002419577228951031;-0.2967284344392021;-0.3551642731396746;0.21295041158228248;-0.16450365348292045;-0.011035211596960045;-0.07179594547387254;-0.22514650267751818;-0.23741578820416034;-0.1687580423897389;-0.15217196278131614;-0.01529578145310817;-0.09186030734251482;-0.17597973242896436;-0.3743977124885633;-0.2742391432595263;-0.39646931380448247;0.19375620923685463;0.22873914871538512;0.004669337613283771;-0.3449602652756185;0.03843918560524249;-0.4351898060616637;0.1285143762283714;0.4732664319025262;-0.2829198446243053;-0.2646099282847469;0.19146904526425215;0.09317470567188839;-0.08343998149210591
-0.19833255554719167;0.13212313026784192;0.13035316869414584;-0.10310245393767693;-0.12032850401989251;-0.9132985057344087;-0.2255100254203798;-0.3639350854724248;-0.16769478872973353;-0.6368808991453138;-0.19876249638891405;-0.24478278662259675;-0.21583976831983173;-0.4318070312874245;-0.41648102577957163;-0.15888040567253733;-0.5274632623177041;0.20791201925784755;-0.525789363253791;-0.2007996447957751;0.1261752296729619;0.0007513720492053714;-0.14651143629666674;-0.43647040725122643;0.1163973673144039;-0.1859947264485124;0.18764381988686205;0.02910192482933739;0.08302579976120707;-0.014455522736044168;-0.21265107565886576;-0.11269578771936199;-0.11006561749861728;-0.06406785706671247;0.07291057691922008;-0.19303882181800772;-0.24929188548099723;-0.30052632419123976;0.023526268627720094;0.097241572599516;-0.2384791364192738;-0.5126641200018827;-0.07788898516994561;0.10944652658750476;0.1355209166702786;0.21139625105803;-0.14541397062519154;-0.6386247640729964;-0.6566626452512696;-0.10557681170378291;0.07190425391791272;0.13443124876951704;0.0027944763252391314;-0.3782731197104819;0.48462429989457656;-0.23322170428441352;-0.3979721936347226;0.0664439877614686;-0.10543615302791663;0.374463040471216;0.01015389690206953;0.383956376056948;0.002497821405651926;0.029697783007454584;-0.05684642758476192;0.16367721775509042;-0.3505180171584057;-0.3726451995656502;-0.2520289824806421;0.30362480541698283;-0.42185950265254635;-0.30164340117378013;-0.25368339969132425;-0.15668827589540674;-0.240242937025766;-0.10544937135790922;-0.16023401528865683;-0.19598144178436103;0.17057984097382686;0.22362262873999522;-0.2906545466798483;-0.7033532260802053;0.2421264451504611;-0.14983986450991388;0.0002623319144732979;0.09776713729879338;-0.26650034974081105;-0.3036606314333697;-0.1492685518877658;-0.17001884452716065;0.14148766243733563;-0.12420675134064181;-0.1770681666566123;-0.30609425819087094;-0.28273574505983173;-0.3787910780012947;0.05559492547282901;0.24860108018049154;-0.2106073129540025;-0.298506265058204;-0.0020186780843018393;-0.28732802627100307;-0.045016500982181955;0.5257845639675874;-0.3563640110279612;-0.2559306005611581;0.1169291949738086;-0.005403415684705787;-0.0934566553046638
-0.14771763907538116;0.18400382576137586;0.14441291870591683;-0.06139252807631743;-0.158214713751436;-1.0365194569241456;-0.23022599590949377;-0.42178924642585897;-0.18287317051510085;-0.6323007203133217;-0.07997072877885701;-0.22226920983937454;-0.17508679998243795;-0.4975365503775178;-0.5125553550377981;-0.2138693677662399;-0.6126689382730804;0.22205395795661584;-0.5733624581219732;-0.17658650328619524;0.09846311881182128;-0.11430698078067458;-0.1968409532116048;-0.40910828257074616;0.14476346299476062;-0.1879161513738195;0.12166865185826314;0.12557482921880075;0.05676414357099702;0.010310547472903761;-0.21962888670493622;-0.15984076375991427;-0.14665906562051967;-0.06878848460181262;0.04255718409307633;-0.21316822379236502;-0.2540870063359823;-0.3984666601969053;-0.06393251813507912;0.18157589996642862;-0.13623330053333488;-0.5602895162856376;-0.1507921500159151;0.12356663422226416;0.09955734084725124;0.2330055623267399;-0.05395037601874501;-0.7996666357502733;-0.6997031619279626;-0.049326732931024776;-0.005875754604257932;0.2589924203417396;-0.10176741591877742;-0.40517607827408814;0.4348458010856274;-0.22976267697956984;-0.38058280117822507;0.026844428899147288;-0.12694523745262745;0.43664238400729527;0.015925616606397575;0.420854145395042;-0.11818591005234448;0.10465910973073717;-0.048698206879539775;0.26845801495042554;-0.41960760012338205;-0.4843271818551991;-0.20003978583713958;0.29205855264017583;-0.4871246254561026;-0.38415061228886477;-0.3173145953212816;-0.14276302700604612;-0.27374630462773375;-0.08432059586203375;-0.057232726690628066;-0.23048023769834874;0.15916605518383095;0.3272490676305943;-0.2821447852130597;-0.9094636691213862;0.2002004226217534;-0.1107830788388775;0.05111248829823345;0.18197341916347723;-0.28059797990707114;-0.36504552735031587;-0.14456486037919403;-0.13216201026081087;0.28052010028532476;-0.1570095665274691;-0.15561630372323743;-0.20357645298712984;-0.28574206818924286;-0.34888538977073663;-0.06834191438307326;0.2608017571527348;-0.35400412330510744;-0.23130845672117523;-0.027568999502801634;-0.16313653160029387;-0.1662871288805221;0.49686960516005496;-0.35009770642363786;-0.25014588049995323;0.047657111777962606;-0.1699739365104804;-0.0970045106827066
-0.09914497676224225;0.23201762410720458;0.16777509347511876;-0.021316370974620368;-0.20287014591179708;-1.1285274399661496;-0.22863582509402125;-0.4833719544518111;-0.19859757118033283;-0.6164412444523358;0.049582610681495026;-0.22552998841786326;-0.08752906251947294;-0.5209941668803122;-0.6044802615240438;-0.3091109072549049;-0.6733359329993761;0.23305019616500874;-0.6374500019554995;-0.13168200282520548;0.04936117894711844;-0.22021095273531863;-0.24658899125666375;-0.3439048871595161;0.17472245395991998;-0.1211042315880331;0.015677374997226268;0.25261808284751697;0.004963610724225877;0.03553047107190174;-0.22586531492696227;-0.19969151714575686;-0.11697250142205685;-0.13520470716611133;0.005242575855197125;-0.2532763319349312;-0.2432750994782506;-0.5190271838053884;-0.16382617503573157;0.24014421469307537;-0.032697317940585724;-0.6301469249984994;-0.23988678195325097;0.08646857880369425;0.0443001293726874;0.26645592254791517;0.07481951702434729;-0.8832771023431768;-0.6733660275456358;0.020578117167473264;-0.0895756932057858;0.376457248577843;-0.21033858745479767;-0.42551626022624767;0.3626400739792569;-0.2220836166227449;-0.285656717609606;-0.002912805172140931;-0.1505812539237584;0.46493847766796687;0.030202528139415888;0.39601491604958045;-0.16758059632555344;0.2129204248607726;-0.05375687099434764;0.37890691009379474;-0.511538112829327;-0.5816692569553703;-0.1187297486161774;0.25144047218919036;-0.5514785674793307;-0.5247400742121747;-0.4030334949010869;-0.13422239543724382;-0.2840924567339228;-0.030386500679927653;0.07580878518805426;-0.2475221212533136;0.207301162368265;0.4433727200131931;-0.2469598290842537;-1.114680995399988;0.1279830435632878;-0.04769719052452717;0.12647963805612125;0.2513982887448743;-0.30414262648454815;-0.4197737988756898;-0.11697863636184552;-0.05489056172508988;0.467242760674629;-0.1759536657192264;-0.1854365388861894;-0.12558597363159235;-0.29039564590044364;-0.2919993771969648;-0.2483716413201075;0.265478052731918;-0.5277929058783566;-0.1190149794353498;-0.03256076823428761;-0.029540521037880824;-0.28519044826261847;0.4226975562304068;-0.28078441993921593;-0.24031306701970498;-0.03884600600757351;-0.33504496210736234;-0.10421545906840225
-0.04891561804045826;0.2782374563457715;0.16703106977381443;0.009743883691143568;-0.2538722580344378;-1.1930070948725355;-0.2440301077101556;-0.5488307590525703;-0.16892866477829124;-0.5834942516180057;0.2063649919679625;-0.20283230319475298;0.02919936689894394;-0.5266003730300203;-0.6659332345203831;-0.41232255690433206;-0.6991742834670857;0.2458153451189308;-0.6968777093303956;-0.08233950302383614;-0.059325275137204515;-0.3263071103940122;-0.279862213737086;-0.2573184543223164;0.20453776582476443;-0.040251576606019926;-0.10419116957777874;0.3980892221244277;-0.03969969564827316;0.04380138103253978;-0.24325183940880257;-0.1770206827936689;-0.051983220696221445;-0.1901866072263336;-0.03524685010401496;-0.2562194884966866;-0.23038574413060833;-0.6735850881721597;-0.2510844941985084;0.30732531872103636;0.07738489881414734;-0.7139322014919043;-0.37135045329770683;0.010587916953018936;0.04103221809245278;0.24944873364617176;0.21644706055380425;-0.9906791351506122;-0.5831563845735482;0.07731272918297476;-0.15893241617699785;0.4337477394006392;-0.33715437350358907;-0.42974453617066666;0.3139819357345825;-0.22824024979121277;-0.1540341680484018;-0.0036385562691985305;-0.18198289933904244;0.41201407710876675;0.029512562929792624;0.2926382181355392;-0.17696848827724815;0.22146946449801408;-0.030097608689407918;0.43221637567496907;-0.6143483118003437;-0.6870848315150884;-0.06786634458540712;0.19993534585684258;-0.6422942492364428;-0.6170412455597107;-0.5176745579232367;-0.13631575704724103;-0.2746309304529453;0.06171228903965792;0.2455073461201166;-0.24810041206700995;0.2648640869626125;0.5413266179875666;-0.2064138715311555;-1.2668487081247886;0.06821803030829976;-0.01826969034493431;0.23718082775825766;0.2828109387131732;-0.33319637260970686;-0.4051103941170317;-0.0811680753472963;0.011803507562036556;0.6692026547066973;-0.14010932712228544;-0.24054882880293854;-0.0872074725935595;-0.29512155209080093;-0.2156302075919586;-0.42139240705209174;0.24209781091773672;-0.6739612404225603;-0.005090249727973381;-0.018771924398285306;0.1043322749529096;-0.45653873261155425;0.2986216307276292;-0.19356897055706881;-0.2100563904972951;-0.14595684168668913;-0.5202579377035601;-0.11392749471071728
0.0;0.3166717249331308;0.14071190566414296;0.011422293582085083;-0.2975347205037375;-1.2336928243169991;-0.24635058036972435;-0.5617364802929743;-0.15982533887743341;-0.5442902109911149;0.3352174186932055;-0.1858375023461518;0.1305410550291883;-0.557947192788146;-0.6714534686133441;-0.5178452967917028;-0.7185081360027379;0.24169677726291702;-0.7633134923665347;-0.019636690279270324;-0.15791575688566306;-0.40277424978628895;-0.2906842613370335;-0.12954563120284363;0.2070606972952424;0.0420640272353634;-0.1500844755984257;0.5286179874088425;-0.08379962970407234;0.031743862351232666;-0.2880363169211459;-0.07338153323206094;0.030149586927603427;-0.2398799803440211;-0.1188186624811259;-0.31250395929610403;-0.2180089312693042;-0.8239413270460544;-0.3247132762064279;0.40206195133143724;0.15356370270767986;-0.8234283821527507;-0.5318423864221488;-0.11312129954331213;-0.018607341178811708;0.2065749421008427;0.3225033998278725;-1.075111195081391;-0.4261160609811673;0.10709190031702771;-0.2252150083038056;0.4724785997364485;-0.4797997101478956;-0.4473144938299733;0.2668209415841132;-0.2298406574864793;0.03612705305636299;0.03595064887502312;-0.23211014602290492;0.28262855867059966;0.03984453009736802;0.17871769316811514;0.0019869022244492357;0.1298772910722278;-0.007385216598458015;0.42144438867180556;-0.7059787488613505;-0.7736630462282861;-0.05193293940629947;0.11509236939616695;-0.7402532277107499;-0.6925256573894871;-0.6494237903775663;-0.15897675003778183;-0.3329272193106231;0.1879939147089359;0.414978091596149;-0.2320132231382968;0.3740977798719376;0.5515787805323866;-0.1234044946623224;-1.399323597974826;-0.06655312583559236;0.03191348778297545;0.3617689612253285;0.27442885297085423;-0.3767748828574249;-0.4170280770842907;-0.02229427923678101;0.1279949166941162;0.8699651568347591;-0.10376355607372474;-0.29291078325646425;-0.08620700168218087;-0.28414404368648055;-0.09730374692928073;-0.5576511055675106;0.23624176546388514;-0.7851293408038812;0.10374073675957682;0.03210163848512245;0.20775081999640507;-0.6536664470520449;0.13536258736127457;-0.05723674807440644;-0.1287625060145167;-0.2228033222370062;-0.6886923302733604;-0.12500995814168445
0.05212203384144232;0.35765800091745603;0.11552162542801062;-0.018334457178838887;-0.3295632839824186;-1.252143802431078;-0.20016462099930052;-0.5965657251799936;-0.1678865919403439;-0.5018371075239482;0.4778944079685452;-0.16826746396240114;0.2306821033603285;-0.588757242222499;-0.6590132737103577;-0.5621718618790311;-0.7030861948323963;0.2730717455771041;-0.826927472253848;0.03882320048101455;-0.24442781872816086;-0.4627261768771367;-0.2782887325567047;0.015337027153493646;0.18426328481334886;0.15568832864208262;-0.1897614339539087;0.6580881713380646;-0.12123143730443799;0.0026396731780697347;-0.35093338180396993;0.09468200123241095;0.1282350866322156;-0.2613010299511925;-0.18491849264462837;-0.42253165790531827;-0.2625642117588667;-0.9885922928508135;-0.3803453125843045;0.4897919161001901;0.17502357786649356;-0.9491176830602153;-0.689976511178381;-0.3068232151699588;-0.12702178795589258;0.16239979136294713;0.41984489450250734;-1.1052922196909338;-0.23865586053988647;0.14637497197706792;-0.2889133201882976;0.4833700659268299;-0.5935251090107955;-0.46800849498468083;0.2755002400149551;-0.2402925777199874;0.2521371301236545;0.1266277597347755;-0.29869209165893684;0.13863798234495048;0.07647885262146573;0.09971609610204273;0.36257528837421427;0.005034512287229079;0.02955320437238612;0.35920252599790414;-0.8037538021847846;-0.838022986192286;-0.06008173911572715;0.09924859079399355;-0.8282758747624441;-0.7685964763967497;-0.7830855726809482;-0.17402339600020586;-0.410441479829858;0.3405155910927396;0.6131574876211501;-0.16563237845821133;0.5312404532702114;0.4768403539740469;-0.05750411142106485;-1.476845885076667;-0.2127998300579357;0.0856358105084929;0.47993764832994595;0.23437413232656001;-0.42606945020196546;-0.38753751939289954;0.024308339956749025;0.3393949933029144;1.0174287821138788;-0.037791773451328774;-0.3375248863575887;-0.12121235656916168;-0.24660823318994046;0.022595030593033305;-0.6840840833859199;0.2582712413766373;-0.8955690317690089;0.25601778279101317;0.09985652176975972;0.28618683538632644;-0.8541920380449204;-0.007674002536261604;0.08410833239969683;-0.06349725379733656;-0.2912682363937056;-0.7846435720343724;-0.1408942577862018
0.10127463743568417;0.3682676025389072;0.0532833818337519;-0.05752472239487592;-0.3763029252044175;-1.2612870503334508;-0.17005283127935644;-0.6415994674999164;-0.22160126679088127;-0.4894921072774667;0.6080675288977128;-0.14898825741627428;0.3006086648733659;-0.6728844699870994;-0.6155354197856902;-0.6191520886119822;-0.7175134088578602;0.3270174523995831;-0.8943043322017091;0.07205583125337135;-0.34554684925082746;-0.43076060813608774;-0.2265960318296023;0.17211769942289068;0.13487701584329023;0.2523099868101581;-0.16986528988698618;0.7399399541443501;-0.11569579353942547;-0.0574544923900889;-0.4417607437645668;0.2969653646579079;0.24736446143835555;-0.245522622266234;-0.22584968464975255;-0.5563083241275564;-0.3798970538315982;-1.138299376887384;-0.4357280980643705;0.5950474266501754;0.14654302660470978;-1.0822251349160892;-0.7941230610766141;-0.5384768316138149;-0.2280175650040008;0.09535131261148329;0.4785588616865944;-1.0931779449572743;-0.03877850042456554;0.18400807933073574;-0.3419987731405169;0.46993295459303236;-0.7256887454120176;-0.4781591276267238;0.3191848804573332;-0.25882607199056673;0.45499881756085453;0.269142808617005;-0.3690117393761155;-0.005830998325704477;0.1285076385188974;0.0685713666550583;0.8128874748686402;-0.13040559159352427;0.06473884984750385;0.30762962713083053;-0.9058515419610362;-0.8610140334867443;-0.09303090556859595;0.09585498791554654;-0.9327336826672574;-0.8382782265683776;-0.9018135514359327;-0.1961743065352851;-0.49153978970924356;0.48058064107915677;0.8295420872786554;-0.11477327123995373;0.6506137239613506;0.3331618245588237;-0.037426813899676524;-1.510397607366199;-0.3418088356547498;0.09692269208141235;0.5807765430454913;0.1712446734903467;-0.47391376927726453;-0.3454628689821155;0.05738536937972405;0.584423317991175;1.1227382191976034;0.03769610098700181;-0.4248250516504999;-0.16282557501660677;-0.2455151135485226;0.15238428769275064;-0.7857301370763222;0.2620363720825358;-0.9215910812718208;0.40940269783617544;0.14617221626962382;0.2754047797709161;-1.0416023730322;-0.16115651178540563;0.2584749987436159;-0.027357705644452945;-0.33648596833453587;-0.8152642090963806;-0.15795993289742452
0.15399687526435932;0.3557927849995048;-0.036704199440086495;-0.1093921911127012;-0.4495487323870092;-1.271986176834375;-0.15268946387903656;-0.6932808889483102;-0.3210759101197919;-0.46121950631578335;0.7356606556492018;-0.15741668915950408;0.3946964161876694;-0.8173239013644995;-0.5365521905607493;-0.6847228899966152;-0.744071519980824;0.39889252079176796;-0.9499640504769706;0.09031456141591478;-0.44204247285248843;-0.36221183910298366;-0.11850207916988201;0.34701474320020226;0.06976982971440987;0.33562818432638425;-0.0925734874698711;0.7950811252990141;-0.1276043507834822;-0.12084866966987598;-0.5630221522978239;0.46921688504972464;0.368363905761582;-0.29269084992858424;-0.2813786236253012;-0.6791830452022972;-0.497721042137343;-1.2532963611636645;-0.4688739627716937;0.6849636642189553;0.03731717077835409;-1.2097129685948338;-0.8784086993923476;-0.7672264911620464;-0.2915272675829528;0.006648052266302926;0.5398828036652402;-1.0357614293667694;0.11337597576021463;0.2240317496969245;-0.3988435217202677;0.41750629656357763;-0.8580043881304977;-0.4674926502142854;0.45444316219471337;-0.27707506780923097;0.665513085995203;0.45618010706257356;-0.42029360449805026;-0.13582306152570256;0.18625471643630398;0.09941798587721373;1.3466488217601802;-0.2719551196099055;0.0862348009729355;0.25636372482840725;-0.967589010840268;-0.8624478184913884;-0.15832627719245518;0.1456619249447094;-1.0271746085900877;-0.9322188415647586;-0.9897907078346783;-0.22347480557814645;-0.6025338208127984;0.624848867625104;1.0305633698008942;-0.005384811408304546;0.7539387925527992;0.09726135813665453;-0.044934399877315734;-1.5186206675300782;-0.4356535572740041;0.11625484899322194;0.6302442804734173;0.08698497859458428;-0.47629427759587567;-0.3198652275526638;0.08925280060416331;0.857872174031177;1.181038912224159;0.10270019392404724;-0.5002347354299123;-0.20304692032056482;-0.25099030448900594;0.3056747806371336;-0.8737628445711905;0.2698018421952903;-0.9239897682442635;0.5346478216352778;0.19362847746302292;0.2481510053041945;-1.183176758386784;-0.32270092040544185;0.43010093961320095;0.013212617447659558;-0.37827184068458;-0.8032314664044616;-0.18763479745818934
0.20187041131521255;0.3428100642699904;-0.1302767791149372;-0.15616395861653112;-0.509306696140671;-1.2632333545871721;-0.16144710274985807;-0.7426563316869756;-0.43691009958672294;-0.4833484636664853;0.8306561036377758;-0.19039514366524624;0.4242971126257676;-0.9294088027651556;-0.42127281158610685;-0.745889166247791;-0.7177536751889146;0.46452916745649137;-1.0069498066526283;0.08017724568439821;-0.4949951050564347;-0.23369307797743186;0.038337553874340916;0.5151417410988357;-0.04031400777862945;0.41691701240892776;-0.12232052865235477;0.8218585993838907;-0.11681671304068283;-0.1987049068643913;-0.675409751420614;0.6225961306611644;0.49126394585346844;-0.36656768364397924;-0.37098397671538236;-0.8077304638576616;-0.677043328995057;-1.3224420832148982;-0.4930645118649367;0.7216930482630085;-0.13496406572959505;-1.3302420056879103;-0.9126121307423914;-0.9529567428329341;-0.3228352007179457;-0.10773031603954591;0.564881179656332;-0.9652186763177084;0.2579494528521653;0.25617901220168693;-0.442049422175492;0.3444337334202827;-0.970887944711605;-0.4410622108314158;0.6507010340709665;-0.2964922960364242;0.8327594002895454;0.6794096607603226;-0.4398063422676506;-0.22813554144987705;0.2803509196173912;0.23374902465411843;1.9788091286321812;-0.3690977828562056;0.10401395598526271;0.2718713516508277;-0.9829333361057767;-0.8475744148942498;-0.2219159806316011;0.12468432834758054;-1.1409464016270898;-1.0059282863965062;-1.053587801104431;-0.24881739431686664;-0.7065277240223895;0.7644400177590902;1.1951652813164992;0.09574924175868518;0.850230300648093;-0.18157545933443392;-0.08641763822385713;-1.5006854601913;-0.5240083325665017;0.1239861483939943;0.6652885614708826;0.01130309846989915;-0.43287061277414207;-0.29691030346779873;0.11536766425058553;1.1185966792484354;1.2047103247923874;0.1440612785946055;-0.6045850433754734;-0.24490658407483362;-0.2781046884266381;0.455936026746519;-0.9568719698933877;0.3002424287370197;-0.8886401232950315;0.6551054793378255;0.21337871317664672;0.16299343967961158;-1.2795300805902488;-0.5203186111272782;0.6306030335404287;0.029862603046379426;-0.42805221965748075;-0.7020419306339075;-0.21674719013167598
0.25059800151818007;0.3089361227544377;-0.2427555623775096;-0.1994563425205953;-0.5831323941355224;-1.2392896488827;-0.16795986499880527;-0.7659040994378028;-0.5157583169675239;-0.476966389428813;0.9376878201023202;-0.25662227067403903;0.415954242611185;-0.9957942672664587;-0.31381147812542715;-0.8077627543257538;-0.6784171564898208;0.4927266679663361;-1.042990880012211;0.08902619314823972;-0.47440697255753045;-0.015202667675200843;0.2251075185406812;0.6503862824354365;-0.1653136868715718;0.49688603928950015;-0.11689228911742916;0.8357694241642925;-0.1076480171306381;-0.2511539670328165;-0.803836666577959;0.7247057337423062;0.6041674055339696;-0.4359628414494714;-0.46469030357833213;-0.9015928025030172;-0.8865120586225861;-1.4012805147345047;-0.49067426985369755;0.7415736380014698;-0.31706451638370703;-1.43376206295961;-0.8971294758397285;-1.111623202627752;-0.3696072085266459;-0.21290010108488155;0.5632310377206805;-0.8752441486305131;0.3986469451287533;0.30781054753577525;-0.4866328105553391;0.2031625816166768;-1.078988205414599;-0.3283746407677431;0.8846914984388262;-0.30753715722785857;0.9766580159995722;0.8798299727544108;-0.457815720138512;-0.31157481490407396;0.3435156252780217;0.43743932122586277;2.586327252432655;-0.4360692146073487;0.11966257519409569;0.29458931874352456;-0.9834638639455386;-0.8267996063899238;-0.2771985066310256;0.1858474357977943;-1.2864841608327477;-1.0461889525513293;-1.0988240743752677;-0.2508949981647486;-0.8252464855172108;0.8996070255032909;1.2823562616971942;0.19665875545339206;0.8598733906038953;-0.5391648620588108;-0.2153128623391125;-1.5113087249105988;-0.5892404420271884;0.13904407281040035;0.6708990255731243;-0.04547430348532252;-0.34367188267200455;-0.27535061812326117;0.10418491998741798;1.3555989614293695;1.1916087199232288;0.1714607550524629;-0.7276211107463513;-0.21642217243837525;-0.27343856371934844;0.5849482648490154;-0.9887092352684735;0.31359089824768205;-0.8023222850140818;0.745131047380769;0.22803244179149354;0.05296196105006573;-1.3177744440437045;-0.719607125876223;0.781273786344121;0.09025006438250953;-0.44279230931847585;-0.5580819087098207;-0.25053358950531424
0.30324208319780155;0.2765803794487204;-0.3369091800960613;-0.21728870432600744;-0.6567324385335466;-1.1981777470016102;-0.18963354084229556;-0.7558654932358086;-0.5585055145139686;-0.4331078265160211;1.0457135230072763;-0.36238824028428074;0.35702816185694686;-1.0495909861334314;-0.22029145996561317;-0.8467711603229304;-0.6431154511673782;0.5239332282162702;-1.1014647588621576;0.1182304732541648;-0.35943797131114574;0.18820581457599964;0.3990062711437823;0.7415865957479993;-0.28257621648208026;0.5194096675600519;-0.11744300492000842;0.886378025395316;-0.09522500571032116;-0.3580353467375472;-0.9343995841346318;0.7829567201927473;0.7271499272485075;-0.46643860877936544;-0.6101500227588962;-0.9477585821839405;-1.1210717844498352;-1.456861422588314;-0.4675948463769327;0.7495208695131433;-0.5019356122903328;-1.5320394531024597;-0.8433813784192618;-1.1953463538476734;-0.41644078692535613;-0.3069412898239947;0.5491906232895021;-0.7678903764144158;0.4834152288792277;0.34657456124561464;-0.5247602219654507;0.07072304005623614;-1.2009952879238885;-0.2066035652263801;1.167033374287289;-0.3073697357532207;1.0742181295036883;1.0083426681439136;-0.4616660000313262;-0.40605919791113165;0.4536430339784159;0.6800118012199188;3.1279112806826355;-0.480316454656314;0.12615088362922408;0.31032507367827716;-0.9454525726802601;-0.8312136322848541;-0.31002281583958113;0.27977211471038815;-1.393317027234649;-1.0516498834705;-1.1435716121175934;-0.25100806678715093;-0.9565268046368174;0.958353391817719;1.2911612488965276;0.3073299353310939;0.807810117482409;-1.0137071644936988;-0.3747816309837217;-1.5586564044317894;-0.6386739752984553;0.1820224141205202;0.6934962949704137;-0.10835262181500534;-0.21825202402477706;-0.2999126779062395;0.14103435875691397;1.5704805735411036;1.148980999971105;0.1593424037456185;-0.8438160370581508;-0.12305617225934715;-0.2693462470323151;0.704585293232223;-1.0129647653155416;0.3139415539595755;-0.7128614176871734;0.7980427434525987;0.17746119814494055;-0.08847227710649663;-1.354166883397788;-0.9136944628364497;0.8833141298340802;0.145827495748995;-0.44169375268247935;-0.3453870820754577;-0.29070226321253473
0.3507181681707152;0.2255464671172685;-0.370599870252858;-0.22361695311497395;-0.7304685994249546;-1.1360864264081711;-0.21646849658809236;-0.7056949408958157;-0.5235982223604563;-0.4325734126194623;1.117844291465999;-0.46713227218268916;0.2618535140380813;-1.1107388798475861;-0.14128100498058033;-0.8709576539279231;-0.6142540084884301;0.5477126585111748;-1.1666806136019323;0.2191137054649308;-0.15658551677383356;0.45173964017559404;0.5576747709388192;0.7792517655208915;-0.3915742400973834;0.5131813492179151;-0.043414643578933765;0.9045402190813292;-0.10015547958052809;-0.4222689290616958;-1.0495223632680355;0.7907307096888664;0.8638755943542281;-0.44332681357347425;-0.7279366514486908;-0.9654319501248613;-1.3821937838442988;-1.503528374958695;-0.43491174293210744;0.7416611260618625;-0.649351551086466;-1.5763910419059946;-0.7566923578711581;-1.297130681415191;-0.455168232377645;-0.3422410565608595;0.5428992820375961;-0.7231581861754199;0.5657028658989475;0.4159172104045567;-0.5536453260489749;-0.032585107689044025;-1.2892748201923632;-0.04380314249381471;1.4803419185696218;-0.2812602274310886;1.1390250686626109;1.0674261914431844;-0.4524131088204349;-0.511721925312983;0.5565694320159632;0.9654816964632637;3.5097951226472794;-0.5039577481573384;0.1036105898364;0.3373525599787486;-0.8854639874451155;-0.8503612537828857;-0.33765054147650525;0.4037948876199255;-1.4520738672603077;-0.9497544301006006;-1.2026294087375473;-0.26020906781509756;-1.0737573528246405;1.0027604680175424;1.2196125134188094;0.39552420505286195;0.7334210022185704;-1.5202128530746803;-0.5247530319551651;-1.6172034996360716;-0.6491942393921271;0.27205326205915265;0.6881764248000275;-0.14092676957331574;-0.08962574689976432;-0.3075860486092044;0.1607178010298784;1.7775596239454143;1.0647388769611572;0.08334306802308611;-0.9386988689579103;-0.006122778129391222;-0.23466658990792383;0.7543718813590102;-1.0021146620100259;0.3178624725294775;-0.6664083396511485;0.7655830288246623;0.07162389694135267;-0.23426845678825303;-1.3443942720983912;-1.0440384514204513;0.9441906529651956;0.18043604464378915;-0.4163340648391607;-0.13346748159679234;-0.31746976247353687
0.4018823801558635;0.18459782563667052;-0.3535170903934042;-0.23190499573017495;-0.7990567463237769;-1.079604415186566;-0.27124838945512414;-0.6657596799467213;-0.42290154076726505;-0.4107209066785011;1.1857639801794488;-0.5914710170340423;0.15829569164183907;-1.1797556236425133;-0.09557694426042292;-0.8328910852831007;-0.646975858089336;0.5666713374965914;-1.2618552097695144;0.36739441651464066;0.14377258833638834;0.6419459893668132;0.6553703870434668;0.7513778843626532;-0.5085124796980477;0.5718904643697904;0.01677808922559798;0.9303774404962052;-0.09604395790962908;-0.45581736365800457;-1.2035030039388979;0.7536651185014115;1.0352442151532972;-0.43220344918895875;-0.8292989628461888;-0.9817436828058552;-1.6311803227827424;-1.5459244539180594;-0.39874065997108793;0.7446892396285841;-0.7436749588404562;-1.6350759854652346;-0.6295667562617349;-1.3629213043152717;-0.4967180421456107;-0.34502086646312796;0.5550276092982466;-0.6965857009448209;0.5645625494382902;0.4863551514779077;-0.5701935150551122;-0.05367604024685849;-1.3492014338546698;0.11381699583213467;1.7652847458133885;-0.2387403936897286;1.207553981073525;1.076434949493293;-0.41954032563772153;-0.6533933404590878;0.637980523002573;1.307458497814279;3.8097781368635544;-0.48599736532212706;0.08737035564290752;0.381856300838934;-0.8085171922121092;-0.8497520953191683;-0.3121449741277938;0.5363298241629434;-1.5005947986622872;-0.7721954022636774;-1.267911925162698;-0.2697757186002425;-1.2012590296305246;1.003569061220612;1.1064585934317035;0.45859092290429027;0.6668805466940259;-1.9496939593896605;-0.7449171781828424;-1.6878670286252193;-0.6661543822367547;0.3863438288742949;0.684754477190412;-0.1402054363558731;0.049619158256623885;-0.32204976057489476;0.15459339067521463;1.9742910416334725;0.9598265111366329;-0.024560000603299482;-1.0180942930871053;0.15162733598540112;-0.1910975834829891;0.7917867866400085;-1.0099051672073704;0.2862365838009257;-0.6309138142326773;0.6288817473102679;-0.06364300419419394;-0.40587559216712266;-1.2594758429553203;-1.1137924017587963;0.9625412443178154;0.22536690500896706;-0.41038361314158456;0.06203830943283184;-0.35737811710324435
0.4544401880172397;0.13766447451367594;-0.2744596938132421;-0.23619419867030267;-0.8630355223500958;-1.0322870500365486;-0.3361877747932679;-0.6025668451428794;-0.2275890187950827;-0.3906445712216067;1.257555262535363;-0.7136070360390847;0.06880083598517765;-1.2662069783078225;-0.051231181682189875;-0.8001074325235548;-0.7228840276995158;0.5639918903964048;-1.3421373338609575;0.5658400103391601;0.5004759213872046;0.8033247160448259;0.6982382511217786;0.6856637940224641;-0.5819154811163306;0.6300022932497759;0.2313684346042939;0.943124656114481;-0.07841286977236547;-0.4749819821624368;-1.3049129146596212;0.6598373667248543;1.2212311050531017;-0.42122639644826804;-0.9202037253379188;-0.9747339639189727;-1.8293534483587028;-1.5901697186703017;-0.31526372917188633;0.7147179927629157;-0.7931245392273151;-1.7028886185415935;-0.5358091724597911;-1.3747390454394675;-0.5823463861997829;-0.2968400067201872;0.5874286034891453;-0.7145435883092569;0.5544070613889999;0.5774607190132636;-0.5643727548870284;-0.010957730556787873;-1.4208304892102657;0.2409636531190468;2.0267085415179396;-0.1663023505012658;1.301113766425268;1.032097593484793;-0.368814567037814;-0.8814126051330353;0.6998952488633294;1.6373137431867955;3.9509488243246245;-0.49340015290351424;0.095443502111207;0.4175603257462773;-0.7596567422462472;-0.8612939084057829;-0.20154781736150676;0.771185632882522;-1.5173002868613565;-0.5353528749093613;-1.3323652791438658;-0.2792067111556914;-1.3137993890560629;0.9324937027839976;1.0094082570412375;0.46121341167511387;0.6091280122596835;-2.2541461934803255;-0.9366611136212476;-1.7517825235193913;-0.6750767709133366;0.5130242286427431;0.7517795933004837;-0.11148282958385865;0.19617189772127053;-0.3222204471818409;0.07626182813524078;2.1974501957163293;0.8203660450835772;-0.21255733230240095;-1.066668994593156;0.3032705537650348;-0.12854092204493117;0.7915355255644912;-1.009320657757946;0.23098858257991048;-0.6228800074755202;0.4334112452794448;-0.23855508515253562;-0.5433987840943084;-1.0765510243042453;-1.1960562782720887;0.9799748393430118;0.2433568814515823;-0.4026455785217204;0.26608252187194725;-0.4000465372430603
0.500961786299437;0.12739811615357816;-0.1648929822779086;-0.2471152642521126;-0.9391952736719691;-0.9787481974558615;-0.4066017531024398;-0.5702140167823588;0.0076737929067196425;-0.31556279770672363;1.3017636251402274;-0.8472606096279172;-0.003174690890009361;-1.3617827481904798;0.013863180066780889;-0.7695384557067833;-0.8262082923773134;0.5500970479561729;-1.4521376354651172;0.7943022332737841;0.8891472044508945;0.9486263045772368;0.6972087720201455;0.5375832393460582;-0.6169730456988227;0.7271638573495811;0.5482647419076161;0.9565050836929148;-0.017679407824162607;-0.4532514361954588;-1.4026023226477948;0.5518697132058891;1.4286748702555563;-0.35439682937271594;-0.9657178302679662;-0.9152218796518028;-1.984712964744925;-1.6198198862701871;-0.23761535469068223;0.7418020694570279;-0.784844134573078;-1.7806859418161824;-0.41535389437873493;-1.3008264793078268;-0.6483112306369107;-0.24103683842942877;0.6384586633437497;-0.7655914972893524;0.5695921537070512;0.7165090603369862;-0.5354114205809853;0.077158943552522;-1.5523267989164762;0.31818140110484006;2.236056096100132;-0.06401535008641375;1.3807341051267432;1.0050137338530578;-0.30132294414277655;-1.129529882903545;0.7526401244248073;1.9713377881220289;3.9268650447152216;-0.5527318187707303;0.1003492743555577;0.4742533489582571;-0.7535006827055397;-0.8068835881429682;-0.04335415368134369;1.0025400231662445;-1.4667629937187194;-0.2506953623541139;-1.3644475760241417;-0.31188455968945605;-1.3562666390190088;0.8487927926602172;0.9433751266667003;0.4814890968353426;0.5800653496212655;-2.457201820662703;-1.0980247727346955;-1.7864976980215794;-0.7028559878482344;0.6290793638694206;0.8450397431669279;-0.05666333022690995;0.3327837452643847;-0.33595832732638287;0.0035628026815464806;2.3752811261800075;0.6714261610541755;-0.45695318604261;-1.0980226178675885;0.4394205569805567;-0.07674193980738242;0.7492630307932536;-1.0177684538386669;0.17527705367533722;-0.6356415598863473;0.25858057104896615;-0.40248186769656596;-0.61385892691209;-0.8211425099308166;-1.1765437848947544;0.9708993360203076;0.24056907727493634;-0.4017553608553123;0.4375272920429378;-0.4586264231841472
0.5546518514820491;0.12465936444340484;-0.029064715879872204;-0.2758297420596561;-1.0052976907783315;-0.9306643075531905;-0.4812189050329841;-0.5317935405955068;0.23641518348571416;-0.19244807539407938;1.3146255412265084;-0.9716831599522169;-0.05160843099607574;-1.464032721512994;0.10049378937612641;-0.7070787248404061;-0.955349037515204;0.5409062194973645;-1.5639852247731176;1.0592096831118691;1.292686233655317;1.1020386499097046;0.6401226066139026;0.37219421261224683;-0.6233460327055858;0.8601551168121947;0.9561081550082953;1.000104981537778;0.14247828618629843;-0.39172837048737885;-1.5039814464998897;0.4491342689163047;1.6651693514319685;-0.1732448194199089;-0.953410940685469;-0.7671120576408749;-2.0240425108828584;-1.639422820917002;-0.1582926698862165;0.8031812234765999;-0.7257929469875454;-1.8625593160082403;-0.32328747534303026;-1.18314328178297;-0.8050615596815185;-0.10319128720743859;0.716499063593381;-0.840802581045871;0.573792701824562;0.9137315545841996;-0.49344703074993473;0.19949772582207578;-1.6523049789390094;0.3546975066515576;2.368659465422305;0.048922122346802335;1.4585464454459696;0.9795520950080213;-0.2480648201578689;-1.3938104850755006;0.7724615647967736;2.237955307056446;3.795553023161066;-0.639576772147974;0.15235280657235192;0.6238409674296127;-0.7712434548457618;-0.7000768104927837;0.16187916455828197;1.2563068364941652;-1.3632221098554251;0.10853447910462737;-1.3626163408754688;-0.34986323338445474;-1.3460893081142005;0.7413742405695809;0.9291383708090788;0.455016987395511;0.6132241192241303;-2.4729004984792655;-1.2190364108860066;-1.7979461379330912;-0.7124644509110185;0.6787998994265635;0.977924133315403;0.011453440752330216;0.4430892501408017;-0.30910054167130513;-0.07298612914119196;2.588888389619664;0.5020560247951565;-0.6892412408348969;-1.1067095178322197;0.5594793581057794;-0.01464675665207782;0.6729318817001856;-1.0755052666196614;0.12770982398741368;-0.6823175914105161;0.08997206480823644;-0.5873168759353545;-0.6301226953899632;-0.5074995126612722;-1.1299940439656748;0.9373519796625835;0.20390096687373951;-0.4268108806534501;0.5678331001040414;-0.5062400866680835
0.6035260631248699;0.12941147187940655;0.08837482665352496;-0.28876747210778464;-1.0651794695221555;-0.869146681138846;-0.5628946284976915;-0.4626502902853529;0.4562732657106627;0.019251975788817655;1.2840803136029335;-1.0573410924230027;-0.07531090903859343;-1.5720323857074565;0.23156159274720065;-0.7216928842233322;-1.1092256192112027;0.5221367385175452;-1.6795103440229253;1.3110394518527062;1.710739553933075;1.3260141095742708;0.5801483091411744;0.1979244178149072;-0.5750159425271908;1.003471435555706;1.4172429122361234;1.0332020856054458;0.44947638503175463;-0.3047841797534135;-1.5269714567176063;0.4274952769821254;1.9324516813921033;0.03894353432925971;-0.8799949196161431;-0.5426401834388676;-1.951390116210006;-1.6470581759014735;-0.07465312086435756;0.8901712692521265;-0.648404115424858;-1.9666062771293635;-0.25332072601257116;-1.0339794729748595;-0.9359015726502317;0.05357337428144052;0.8033753158785997;-0.9123619498174952;0.5638380171419947;1.1432088445754893;-0.4483270120957182;0.32028405054983317;-1.7522064228703733;0.3383934332824774;2.45161529196669;0.1595120129645684;1.6208718885748339;1.0195810874319473;-0.17770988028686205;-1.6633422853900182;0.713223876136964;2.482361608465664;3.6534055391521627;-0.6775999801708847;0.24660691221991282;0.7738360899599979;-0.792620083968431;-0.5453823701250647;0.3915882616785374;1.5266091592377504;-1.2340419313011521;0.5292091148827153;-1.3055919837295087;-0.37782870712371064;-1.2752580377196576;0.6617152497329464;0.9540696863000319;0.43816996663046065;0.6875402680658654;-2.3426981039300845;-1.313926939328659;-1.7802283977192839;-0.7317521746894821;0.6965355869007577;1.132235379090159;0.08260979415977145;0.5416834970166388;-0.2364416644703272;-0.13758866172282877;2.850968281024926;0.3224490400581904;-0.8720305042252701;-1.1274349238140688;0.6599763988730892;0.04810246053942635;0.5867853693198617;-1.151929118310344;0.14188682225497906;-0.711493831741873;-0.08029085244691489;-0.776596918866233;-0.5681729570562801;-0.17860217338164341;-1.0349513730949422;0.8755161899929331;0.15839380751925794;-0.4995350650391937;0.6966209437063945;-0.5492405868029278
0.650483875920448;0.14189430242795728;0.17953350433659382;-0.30848727715586266;-1.1251991185389298;-0.8049944212891034;-0.6670590945341661;-0.4003913310479925;0.6370136176996491;0.29130940759632284;1.228498070776023;-1.123400463240162;-0.10339829939673854;-1.6779808609596873;0.41301763080848336;-0.7103303500150625;-1.3001110029264946;0.5202650243964365;-1.753648296360097;1.5601464578290938;2.0947432109930726;1.6294042059129745;0.5297577812657351;-0.015504193312071571;-0.4606911803723923;1.112059315662115;1.9522120154867522;1.0958023575427358;0.819872214382261;-0.16311911134667914;-1.4349202996921882;0.5074300508289276;2.213309695802665;0.286377262575576;-0.7639476171035718;-0.25757145276177135;-1.7738344409112945;-1.6389492284119502;-0.01115600098033176;1.0192194917492;-0.542404254861563;-2.045937617539906;-0.21043139882217266;-0.9007454975948255;-1.0644200078883244;0.20390861843191183;0.9163013453771144;-1.0214562230894717;0.5784501320385496;1.4277026407222495;-0.4039236074190587;0.3819805268820143;-1.848311806147684;0.27775076333248166;2.471667805818878;0.31470145669294497;1.8770632919895003;1.1935080079471856;-0.09259377751648452;-1.9196552383880154;0.5931201165647932;2.67861993824199;3.3227707129477353;-0.7915819794927357;0.4092976637252867;1.0436209924201643;-0.819121533388468;-0.3157709470780932;0.6451205747365109;1.8125943757237852;-1.0460235489409024;0.9322890916178341;-1.2130410959297544;-0.4401422016017801;-1.187107708434078;0.6279547166275867;1.074553016771795;0.4459573558123069;0.8248363515157208;-2.082565207582265;-1.3875875765762988;-1.7238748097671097;-0.720959272404551;0.7042744048353684;1.2732650688737974;0.14958088197453304;0.6130722407394629;-0.11919924468568747;-0.20205239413948997;3.1085017314902204;0.15514513342877306;-1.0099996947616177;-1.1682063707537733;0.7721238300746155;0.07371014727585345;0.5165503838002943;-1.2512731688590994;0.18804078189961618;-0.7673181510799442;-0.2274466052163316;-0.9198774704819699;-0.5101014264619599;0.10444492352686312;-0.9203073273365501;0.8228686433082343;0.06981391491863997;-0.5395337220379325;0.8291610288962789;-0.5880969741707056
0.7026700959722803;0.11105771565647864;0.23740744518461332;-0.3226082911765396;-1.1747429654578534;-0.750613252409518;-0.7800120562057739;-0.2640667039396367;0.7890617790135221;0.6058965357298847;1.1579478465720436;-1.1790144502387527;-0.16498693835834244;-1.775878829861133;0.6225851963847355;-0.7157199483586035;-1.4964470256406865;0.5452107480882541;-1.8159929935881043;1.8275558319032157;2.448106625829115;2.05910882582566;0.5262251336995425;-0.205927522538498;-0.3383874619605672;1.2220153395090763;2.5237781587881103;1.160831300796169;1.2903729229005303;0.08269360228262462;-1.2623167503548645;0.7085101255063567;2.5403794937659074;0.5579074407174577;-0.5745539146095971;0.08427810507621951;-1.5383027124678235;-1.6355069903362698;0.04134561404924669;1.1354896990051044;-0.4564663757458263;-2.1343589231105766;-0.2099951891058952;-0.7857069721012088;-1.2435402027443214;0.36242599290102556;1.0065545458633445;-1.1033743669632115;0.5741987460420778;1.7458362357454524;-0.3406558195999745;0.4782657340712479;-1.8995409959774177;0.21411829085740766;2.4349339534664383;0.4996214110898404;2.207241381020391;1.4916577868176988;-0.01705109459348919;-2.1338498415334293;0.4811097434834349;2.843527006350385;3.044618478709872;-0.9077248594494497;0.6106299150447402;1.344819025516685;-0.8777104229631799;-0.03690796435465408;0.9106433863946566;2.0970758811270866;-0.8132527665416927;1.3678543269809593;-1.0930691889615;-0.5024877744647385;-1.058274879286482;0.6324348953963839;1.2001276800057776;0.4703643056948295;1.0151584955162807;-1.7524631876353793;-1.4517905686636101;-1.657099260802017;-0.7273433934352455;0.6819127524265765;1.4152574065472205;0.19293885632354799;0.6233682260270046;0.02281010142372275;-0.2783972599210959;3.4311093479208896;0.003914273399412194;-1.1033001498897694;-1.1796149496831851;0.876409279262025;0.10586927882158315;0.4271887235870674;-1.3443756805778342;0.24376049800950303;-0.8256875187062973;-0.32863513309204817;-1.0476120145512164;-0.45371089086645405;0.3725471846794323;-0.8177924580728236;0.7185826178199799;-0.034102072096505294;-0.5703371435151836;0.9652978287050541;-0.641434243841782
0.7545738337739749;0.07939068225729948;0.2539474473469129;-0.3394021933283091;-1.2231006758489986;-0.6996252180332823;-0.8909343974148338;-0.09064600346473206;0.8445774416390612;0.9686050309752948;1.0686466382687032;-1.2184308827582853;-0.27531940353595014;-1.8794768464535387;0.8778402646980586;-0.749052031390368;-1.6451258853868194;0.5430235905365883;-1.843870454788467;2.079959948954621;2.743753327399472;2.586918930303917;0.5751037734279907;-0.33225825446324087;-0.19488113475242924;1.348532055276712;3.0464893557242503;1.2500093801257224;1.8484186771351707;0.3730773015558175;-0.9892989725713631;1.0405215618167334;2.9148855390817228;0.8564491811188208;-0.3781679658503798;0.4180304172580464;-1.2601120817185816;-1.6294388520328358;0.08226882213038868;1.237261437727989;-0.38132724068101354;-2.1870671652276563;-0.25836779866766546;-0.739891948221802;-1.425438029950007;0.4348634829348553;1.047160762154454;-1.1470813948088545;0.5660326296746638;2.066326101088365;-0.26202006743440676;0.5598289238731811;-1.9068111521548647;0.16433573921381037;2.359193135771641;0.6835076926294311;2.5632953971106938;1.9009771629491563;0.05884811595287929;-2.265094278414059;0.39885818452554345;2.9916202023535194;2.89048293247605;-1.01416556729703;0.8338657775255022;1.6531688852079887;-0.9372124877149102;0.3094214846347891;1.1574026334769743;2.385087591457248;-0.5357569158602058;1.797709879875977;-0.963932759494901;-0.5886366115558879;-0.9410308170789781;0.6628723924823969;1.3622781703376639;0.5102981572522;1.2351680402473406;-1.4073529764817758;-1.5360603416005114;-1.5456740283321415;-0.7125492246796102;0.5983627483439844;1.509343539241101;0.21647763210882218;0.6167589142486478;0.20278828130860216;-0.36337626415874874;3.7241274541632645;-0.1170853519570399;-1.1073412093917527;-1.1786998584915558;0.9942625402747463;0.09342277160719659;0.31535033655530065;-1.3928635170460584;0.2608197758598204;-0.8780326749319718;-0.4042337372600185;-1.1062592537248028;-0.2914335982485397;0.6080451882749772;-0.7199388116139875;0.6460658319741366;-0.11206786147144725;-0.6068216788738517;1.060392821052468;-0.7211850970273752
0.8024157801419278;0.08293816743274296;0.2175293859675651;-0.34252005140155123;-1.2482009397665872;-0.7159808367635102;-1.0205188327984782;0.1293596729247664;0.8490253325883301;1.3629219737622114;0.9784926947947507;-1.2060236678397542;-0.3909924611716027;-1.9652504885498328;1.1619875776429194;-0.7948237565860575;-1.7701784155937723;0.5382190059385463;-1.8412259365616221;2.313088105740635;3.017177549037848;3.2165490074364573;0.7010173123965158;-0.3786385415638871;-0.05581943729796049;1.4382731352998754;3.494995612513751;1.3336848446197231;2.535940859243178;0.71987907245139;-0.5881231818271233;1.4800395888554592;3.3368602437002948;1.149366144815885;-0.13731281213192145;0.7733391676620807;-0.9738171322209265;-1.6495700810020473;0.1260257998358622;1.2779117022900002;-0.3201869757381757;-2.245013035519575;-0.36672061215691043;-0.801448290963975;-1.6213519151788152;0.5089768178261966;1.106112202577034;-1.1573850231193232;0.5147152893924931;2.386678465299673;-0.20545622074440903;0.6612564177652246;-1.8834037575789428;0.11711092818764686;2.2794363404493225;0.8867419125017;2.973228688352644;2.3685810555873745;0.16079213026647976;-2.2585140646754467;0.3631367784788148;3.071171436890257;2.8763440604377752;-1.115381080654499;1.0809852312417145;1.8947827229766867;-1.0084745624728835;0.7054695593766303;1.3745291168454834;2.6406847946256753;-0.2956824787046835;2.2435945621017477;-0.8159834878700677;-0.6567173712502447;-0.8372751957765596;0.7114497680587262;1.5536726634167217;0.5602298968193141;1.487544296451019;-1.1272578156329465;-1.6567723964788161;-1.4155322705162532;-0.6861529773318811;0.4480302387885805;1.530517476478578;0.2114081177388819;0.5930563772858857;0.38541762787679407;-0.4527975631844529;4.079997537808808;-0.18641756808473775;-1.0916999990255125;-1.1892647093590172;1.1682872439627765;0.0746226173928416;0.1571556786799253;-1.4235531038395648;0.27063361401408803;-0.9059431331205733;-0.4744029534666925;-1.0951372507286077;-0.18695206060376188;0.7605923610220015;-0.6154452406269008;0.5966036098258802;-0.19236084245085197;-0.6119082097375679;1.1766912960531146;-0.818661413043708
0.8518966773187154;0.09831906173490298;0.13639239288831964;-0.3578188606003668;-1.260242344340631;-0.7893531120792731;-1.1376942270293187;0.3843835910195915;0.7947307610255454;1.690937704905694;0.91811109425302;-1.1644817718481089;-0.47936370265096656;-2.045521990674476;1.5002266929083123;-0.7744628610652532;-1.8807117833010205;0.5446719351275942;-1.8189615344525913;2.529771836406714;3.2477545140145123;3.88962423866986;0.9157045857571223;-0.3035220773135782;0.06231716129607082;1.481319811166778;3.8232132918619715;1.387868214663651;3.3427818147231436;1.1122310299413394;-0.11131423834459753;1.9962456855037765;3.7928734755350635;1.4186462458224007;0.12467768513626988;1.1056013760799237;-0.6639033947086065;-1.6551739098875617;0.12427096852577332;1.3016507301934457;-0.281964518421217;-2.3139118138928376;-0.4667408375206703;-0.8760151997413764;-1.7210697934968617;0.5241570950162675;1.1755102336377699;-1.0809037541410347;0.42888104818812794;2.6578735886048133;-0.17264888719873903;0.739609031668946;-1.8316945768191422;0.06727407896505315;2.1811595117510985;1.069164821500184;3.3967798656990715;2.8413399748515595;0.3183587795127881;-2.1104990167684616;0.3513417492053441;3.105240731728676;2.8236001420930568;-1.2205150815052437;1.3218551419246012;2.3693047690364013;-1.043051704369708;1.1667254908123181;1.5620605693465694;2.8130014177318903;-0.07792888948037524;2.6140511637451733;-0.675151029886299;-0.7308502484580455;-0.759063858006728;0.7388753903104179;1.7679312779532415;0.6398781600731784;1.7115327093594361;-0.9085965021936224;-1.8100374564070882;-1.3238906244524862;-0.6464881810376096;0.3226850424011447;1.4464396329855898;0.18679827832941975;0.510954038311765;0.5530218404183948;-0.5430726036650284;4.437387960851507;-0.2045080536018234;-1.023908558415571;-1.1729689039644138;1.373967738278339;0.07123939783563982;0.02940314002133637;-1.4438104352006411;0.22470636540031147;-0.8873821307896711;-0.4673958011827413;-1.0558766662605512;-0.07887027875953703;0.8195522499605788;-0.565640027065741;0.5715760642514859;-0.2706831806724201;-0.6111734949785275;1.228596362556812;-0.9453736170651721
0.9049762183797915;0.11260758124705181;0.0914973516388482;-0.38787730020236316;-1.269382508922937;-0.8981559239739131;-1.2377252642313659;0.6504551206548037;0.6175814026080557;2.000078926083557;0.8978922744371356;-1.0937915844059236;-0.5732583243749866;-2.119036922204989;1.8328094023900523;-0.8086299261922996;-1.9580222858933245;0.5256770709347585;-1.7661051789354172;2.7028106026807897;3.4572394155722797;4.585834319546626;1.192532341791677;-0.12611561234777066;0.10932516104461082;1.449424960549328;3.9890727412145424;1.4457184209253615;4.20590486621101;1.466910547357601;0.3230563345111204;2.472428972400893;4.2452300727888295;1.5906922327361457;0.3860432005306049;1.3853035684700654;-0.3720311157939209;-1.6678214346949993;0.13632308733213466;1.3087804136583412;-0.2487888226512147;-2.392542121146515;-0.5448042638126003;-0.9891914395729572;-1.7968714761065843;0.5100480861035132;1.2188729281060486;-0.931496214124562;0.34541494100724396;2.9567011787386765;-0.17233213530075275;0.7940498886112185;-1.7400163864497922;0.03437861570242173;2.098676951213624;1.2456509162146823;3.746615980576167;3.2574457699546326;0.5181034768564418;-1.8323483097825832;0.38773270630701395;3.147433408878434;2.926772903981253;-1.26484615076728;1.5473687098336466;2.8137133699872825;-1.0606010260254055;1.6537580143467505;1.7528729917874422;2.9329615666494906;0.1305451765024448;2.9381011148160234;-0.518920972341948;-0.8118258244388009;-0.6874723983050663;0.7762487434991027;1.9939243917317644;0.730198500262903;1.8923243514992276;-0.775746830815185;-1.9391420202414753;-1.2376934103277382;-0.5609808065942127;0.19751403596718647;1.2669133073386478;0.17490370392870178;0.40035688312597006;0.696254996662076;-0.687514123476058;4.750866909506969;-0.18299604542968817;-0.9013291801673301;-1.1594957229109473;1.5796566825895035;0.0930078134602223;-0.10786564662472742;-1.4283912707957016;0.13691082971507765;-0.8661672280852234;-0.4238237221445968;-0.9956409772592337;0.03832700310122243;0.802850537819214;-0.5065526970335762;0.5438146778941926;-0.3487904511996729;-0.5754060054624623;1.2890999143909483;-1.05373062548506
0.9541807372906987;0.12052719068017728;0.0846360546864898;-0.4310393238666568;-1.283842014134926;-1.04390404174946;-1.3211504009728912;0.9249222569351729;0.35127925025808143;2.314053620928196;0.9176629734653674;-1.028022159092398;-0.7127460644996875;-2.1713575891155728;2.0972957679576716;-0.8052978974857977;-2.004322414311961;0.4907416064534475;-1.702530627456893;2.839239820037661;3.660909944322537;5.19614368173601;1.4886811988103645;0.18985377760498887;0.1121203317244161;1.375860902148567;4.053923640818372;1.502025531904471;5.043833529139398;1.808914524029722;0.761058437023221;2.9148742511329986;4.652768833193428;1.7140595834492227;0.584269195838085;1.5659369291563123;-0.08878802381695428;-1.6707769368920922;0.14325031761508927;1.2933927429084118;-0.2589591380278116;-2.4634216024229367;-0.6334934786266853;-1.1719545119593442;-1.802212238882057;0.440620225498316;1.304801074897153;-0.7797608192658142;0.28520094984586697;3.2223236015013668;-0.21126942980421115;0.8376724741473868;-1.588672053106373;-0.00418474808413342;2.031741879027255;1.397902198247685;4.059213496403931;3.5748699643969246;0.7484461868391922;-1.4936976066445669;0.4461503074574116;3.1815198979873816;3.055695024941153;-1.2974577074580482;1.7051795186989391;3.212677263314295;-1.0729149623233634;2.1671394005993796;1.9229189734410008;2.977516383604415;0.2621412196374424;3.173947719350263;-0.39145482059705605;-0.8779861385228515;-0.6511727041406207;0.7969907207619988;2.2041225687317287;0.7919410173950088;1.9918475465244496;-0.7576763312722693;-2.018951501247703;-1.2089635476030183;-0.4726536586646091;0.06072490417129847;1.0286642643913961;0.15543517512808203;0.26600628834314244;0.8147051960508825;-0.7566948791097531;5.00546687936257;-0.11901151795705578;-0.7617213142323375;-1.1846619952091075;1.755565990545537;0.1850008043634536;-0.24268513007805004;-1.4265170118226136;-0.0034889725149472237;-0.8588874524171421;-0.3968302780788924;-0.9135727455694361;0.08396732863108936;0.6827550319586662;-0.4124761683633939;0.5325438341516101;-0.4438149576607892;-0.541931621786297;1.368358829421122;-1.1661093949412202
1.0040558133074835;0.09912508958889092;0.12285734981104972;-0.47577893907945595;-1.2926345215508113;-1.175841818888568;-1.3719347035887148;1.1687363587201287;0.02145232905991698;2.5979521687198894;0.9658468500926956;-0.9801414067038989;-0.8196727149088602;-2.1846941359529346;2.2748955152325285;-0.8215329184330051;-2.022159327441018;0.4158067332513206;-1.630106775272909;2.955001344695682;3.817248379519927;5.708343631572803;1.7901967442164284;0.6260166722950748;0.07183578784782484;1.2873862803220282;3.9757311063163803;1.574082362370832;5.861931664698446;2.136973931547341;1.1314153180415258;3.3003676557592114;4.997731511523347;1.8041357113148102;0.7199744471362711;1.67496752980711;0.1973222235630182;-1.690683931444114;0.1468599751854014;1.3185578692379556;-0.28378047764605197;-2.5421313434656945;-0.673067393018124;-1.3893771821529917;-1.7666278751898425;0.29880674119421924;1.3549975769907345;-0.5855848515942456;0.23642293859433866;3.4200377496921988;-0.2849153137337173;0.8718306181079954;-1.4288426194078194;0.05112160173688155;1.9800825208207424;1.5187430195014182;4.309637693935008;3.7860668447623005;0.9804892411710785;-1.1257750614674638;0.5612763378061868;3.108361687208159;3.205558805174644;-1.2996818778771027;1.8218916595620005;3.5079791784857752;-1.0781534759965425;2.6099213394325163;2.0476890652907014;2.996771624270661;0.3455270475724125;3.32144581645282;-0.3201099137027386;-0.9361210065011157;-0.6559383790109956;0.8083778274792707;2.3966536926027713;0.8155373124695466;2.017437817874192;-0.8692004498769345;-2.0823097776000266;-1.180452373455094;-0.38901233374647165;-0.07941368861493073;0.8173913615707876;0.1499057911460219;0.13988579978305005;0.9292986183848587;-0.848715161594205;5.26650104877097;-0.02175415882337528;-0.5978233564273063;-1.2071916149599724;1.8961256897568903;0.32419462239635305;-0.368118584903258;-1.3684362338006528;-0.1129792886816663;-0.8589974338834093;-0.3499151938726758;-0.7983960936331528;0.17678338057142917;0.5458133563720796;-0.35570503705372986;0.5710467260039682;-0.600382382283915;-0.44930101021077656;1.4391628560337775;-1.265462517380091
1.0518216801377396;0.08048917484278037;0.185251629047322;-0.5324072623137864;-1.3093163272157886;-1.2912127035914434;-1.404045877629881;1.3714189339417502;-0.2207241037629738;2.862243474134882;0.9850896938745111;-0.9591616565910897;-0.8518660852110612;-2.1429332771815077;2.3957662780831104;-0.8475353139103229;-2.046336734256984;0.3614916066497595;-1.5735258413982556;3.0921228574407387;3.9167713339009382;6.119314644216229;2.073040138341199;1.1446929408620992;0.001345907153360859;1.17204643847387;3.7675496591961553;1.6602726294250227;6.565277063205287;2.438356798272981;1.4669486212785472;3.5920725917293423;5.305806852931433;1.8462009240305646;0.7975182185748685;1.6995448288451491;0.5235575035055223;-1.719221536655575;0.16046820519783433;1.3111563245675681;-0.31374373509785175;-2.6047221981745867;-0.7216315450141073;-1.6298784800935875;-1.6215951623544844;0.19030314265027887;1.381285873939725;-0.37647482377762936;0.20174402535216407;3.5522609420166518;-0.37240769481599006;0.8961141392264111;-1.298899330925714;0.151991519702494;1.952285498598329;1.599859943368655;4.467833745344719;3.877163746925967;1.2010126026037256;-0.7813913904493646;0.6709976092923172;3.001231673277425;3.3052503118153966;-1.3332337400571368;1.9077317771832263;3.653942849820009;-1.0898138464902762;2.9810811334341234;2.1378785792020607;2.93588719723884;0.3791901507886162;3.3842704926062717;-0.2909766746390213;-0.9873924439983022;-0.670819843397263;0.8275796086953119;2.6089243317699102;0.7954261414229316;1.958846542906473;-0.9555177941566773;-2.1153958578376817;-1.1803519710091885;-0.341027438498345;-0.19018466096796127;0.6536262717193912;0.13104646888413315;0.0552473184895057;1.0551256322232674;-0.9483862197932961;5.437465001152771;0.09954740673417006;-0.44874193776245175;-1.213283537620956;1.997891125682859;0.4797458028875526;-0.455875723129031;-1.256362301680847;-0.17639661224854786;-0.8906675813771038;-0.29050176452610077;-0.6677909865751593;0.3088145643090573;0.4418135601484501;-0.2940710346295318;0.6263370700658303;-0.7459072850906411;-0.37116225577914436;1.536069359128345;-1.336416796596641
1.1039060203135402;0.060094738271327296;0.2993857386182183;-0.5940338196218723;-1.323805872552441;-1.3605419306554107;-1.3873747751356045;1.5131832688890228;-0.46789174428371305;3.0397403464572856;0.9873790105948226;-0.9955165760347677;-0.8580166460627175;-2.063427842925863;2.454124269323161;-0.9047854547971621;-2.078831791536466;0.3376607998914503;-1.534819446083373;3.211005277759651;4.010864048329234;6.439511356973585;2.291996586594188;1.6925660180154107;-0.0550258812682211;1.0684969685271408;3.5644174141665745;1.7322535486072803;7.10474872228103;2.634371285759875;1.6855237944658887;3.750457685646213;5.53032168861433;1.8971102582059611;0.8144066956452111;1.6426730768982531;0.8539903024878318;-1.7782427155835916;0.16979375846446212;1.3248253285441025;-0.3666643937527077;-2.6341260573042162;-0.7346889809862458;-1.91113048052133;-1.4380427064906556;0.05746714617559856;1.409692484527864;-0.18204173802657575;0.15382085486800678;3.637724339479244;-0.4617222883030084;0.9716305913880361;-1.1938668257539673;0.24516667963391883;1.948049462768139;1.6518104120572423;4.539763675193876;3.8660757198333204;1.3923546850469668;-0.5088466892268336;0.7876043016622704;2.8923674427283714;3.3695549211329805;-1.4211491641188656;2.0009192133706892;3.6606867667099037;-1.1340270872023652;3.307342362583276;2.1834398210768238;2.792741579964551;0.3580074023186879;3.4001409120886508;-0.30891503280791915;-1.0345712420449515;-0.702392066543526;0.8559435908607339;2.728834242988266;0.7145044869033949;1.8167630038811649;-1.0341473946883502;-2.1301334105369114;-1.1754923502795964;-0.32119930694744464;-0.2684410739465379;0.4939545249880604;0.14720523251676296;-0.0027435400174269375;1.1653280460003168;-1.038820473711228;5.561957923141772;0.24568401244644056;-0.323723446807796;-1.271737440494527;2.0421037265699873;0.6557611540917276;-0.495460602107924;-1.146186028108656;-0.3180332719988709;-0.916296505867581;-0.2662341617441427;-0.5233472260656609;0.4664977083978876;0.40917397995921784;-0.24978121022057861;0.6698016259785884;-0.9033065204809626;-0.29067000182684827;1.6381608143944515;-1.4102256713328316
1.1524598043297374;0.0783641191140391;0.46359958158135567;-0.666921076366735;-1.3410706183230072;-1.3993309306591357;-1.3518701262935318;1.6272396489297543;-0.678278340276334;3.201172958335502;0.9623126320462225;-1.0622925916017243;-0.8185479179454802;-1.9580132427288426;2.4395086580234238;-0.9899831094236907;-2.1139185699549916;0.32016233985488346;-1.4933341053340217;3.3204983939509893;4.076294741687774;6.629925549722404;2.450503389467709;2.199610961075951;-0.09801151009747558;0.9855280590597248;3.3970369875885105;1.8007014915036876;7.489970852903612;2.7600815627245914;1.780930798060136;3.795615507700458;5.662384533139342;1.9074576594733434;0.8050988451990989;1.5308873205120161;1.1820756755668504;-1.8354217407905213;0.18623093151819772;1.343364637614224;-0.41173945260025585;-2.6507384109197276;-0.7712473546891483;-2.1234002855350096;-1.1988072040799516;-0.03656993209332671;1.3973285744816295;-0.007516417996508817;0.12013757110425011;3.643191140079343;-0.5343265031939551;1.0750740034468376;-1.097255729972748;0.31369984152868086;1.9494946381479163;1.6532943501189479;4.562142503833657;3.713248515556469;1.536517082584172;-0.37388311212909625;0.8572440616864833;2.721457375301345;3.209699944396397;-1.4971607097419877;2.069028750349482;3.6475325954773483;-1.1798982833264477;3.5732115176111474;2.1891836823168127;2.6700088798324835;0.3013610631591621;3.3751108781713257;-0.38120609324164356;-1.1024070723953616;-0.7006687276639192;0.8939520815107578;2.79744216267619;0.5912871177632701;1.6336365864123124;-1.174999913136086;-2.1072218213218816;-1.161681868286444;-0.30871782157657973;-0.34014421575380005;0.43383637254216306;0.1752753914204718;-0.01290391484684239;1.250391083929024;-1.1028784708920432;5.666263790217143;0.39135942672163515;-0.19849932721855273;-1.2784233553048168;1.9727771610880809;0.8461174378437699;-0.4476396822126901;-1.0059766717177272;-0.3928380291617008;-0.8868710583912512;-0.21033818662637782;-0.39380691985411237;0.5878873752439469;0.40454832445256;-0.20879077793385592;0.7481230494462937;-1.0474862484537983;-0.23421628081987697;1.7287138185837534;-1.4663786509555994
1.2048899949052914;0.11193510412365407;0.6921537321569712;-0.7286620845521;-1.3944721673651026;-1.4107727163061619;-1.3004070571482411;1.753251368762988;-0.8054897861650313;3.316370858304851;0.9295645351999157;-1.112190082450795;-0.7384425672370982;-1.9558214281831627;2.417030594938138;-1.0581430300537564;-2.154215409031264;0.2869969270929536;-1.4559509217430906;3.4123020762882073;4.142865593734768;6.731002441879137;2.5302460835470932;2.610559505735425;-0.16507667945856272;0.8960309425916331;3.250087875049152;1.8440775011262882;7.79224592466063;2.773102316369574;1.7587232206263328;3.6899024515974816;5.7211417066515144;1.8818014520890423;0.7683031540669435;1.4065035560367274;1.4987038540396416;-1.880544055956174;0.20801346121878872;1.3824706389795878;-0.4533024172191314;-2.6543609287828924;-0.8091437541997486;-2.2686849767775663;-1.0256966232758862;-0.12027330162115146;1.3918066561292461;0.17190316832066987;0.08936920588815478;3.5907212336127436;-0.5872994291975254;1.155444015419418;-0.9708232859081011;0.34119242440378256;1.9479157717660567;1.6257270313326895;4.487572320961502;3.4727695309686903;1.605190431924443;-0.34476501722456093;0.9214777033086867;2.6180966097292404;2.9186042889702475;-1.5971453554432957;2.170584430713989;3.594646320731184;-1.2396167203182302;3.8408617594392296;2.1565537685505762;2.5696811350034245;0.2712337273767118;3.34068147731382;-0.5307835260693721;-1.1266644106243242;-0.7378684241824668;0.8966612912900628;2.783129513348803;0.4881607359208092;1.4328745592067642;-1.2689761969172588;-1.9693855789493926;-1.1261732906408377;-0.32896181511700434;-0.3766116387551317;0.45114439030063286;0.20945456772723273;0.0017853492109871638;1.2624977097652679;-1.1602303935380796;5.742059371899427;0.5023398062869485;-0.08131334169902638;-1.265998381119143;1.8003705413806852;0.9993303653679906;-0.294552064854952;-0.8618970862478181;-0.4499750700402861;-0.896806266201683;-0.1525115673198663;-0.2726944198479488;0.6753428179942931;0.4663350045402466;-0.14449474087434652;0.8488485536306618;-1.2069014173936479;-0.18411932055663205;1.8817584662273488;-1.534637250353568
1.2556130210911458;0.18276895241546193;0.9276831988904494;-0.7735880130630748;-1.4678238299941584;-1.395370853557352;-1.238317570870716;1.8537746461782085;-0.7917890048661579;3.325864235410421;0.8597097732379779;-1.1548605861501156;-0.6711310187978322;-1.9945390234375102;2.3652642572630014;-1.1082831996555524;-2.2085983338641966;0.2947978376999821;-1.3951716490356865;3.4839505132963104;4.186217144805394;6.745570775879912;2.5355120285079544;2.9292516509831756;-0.21398477578465175;0.8005950262898546;3.2598244352397536;1.876612954686397;7.970107006004097;2.7292666123451492;1.6600282446748473;3.523157860720684;5.678060422436187;1.8448346407220615;0.7453908215827596;1.2745135726430379;1.7351517514105133;-1.902927047360647;0.2405243431600886;1.4331248642691918;-0.48262354952102665;-2.6345288806653246;-0.8418421046516904;-2.310147859432222;-0.862070075036409;-0.14414905380739917;1.4269603103032564;0.3090675755657346;0.04132339251098549;3.4972986879488652;-0.6233074615695358;1.2573122315235772;-0.8990592035564012;0.33075944885767994;1.918462932179918;1.5801778535013689;4.347378041327832;3.195224375946731;1.6174989172353065;-0.4520086580672871;0.9518555713166249;2.5780987094261456;2.5840231229557302;-1.7046918340314554;2.3190571896672285;3.5477838761604747;-1.3005239716051888;4.033451037087435;2.0660982024716392;2.565144070288597;0.22882397361921902;3.3079358975349993;-0.7003683705022286;-1.1560378733526901;-0.7717523810452656;0.8885366996126569;2.7243800741742605;0.40964480684808985;1.2020443747813616;-1.2834474024146307;-1.8616208642580068;-1.0402637298028667;-0.38161245741628097;-0.4153552402321823;0.5380781819105167;0.22875589898872395;0.012291453284228204;1.291196039051523;-1.183606277397724;5.7678156760769;0.5886451441726395;0.011414354908846458;-1.255046720180079;1.6391586851538993;1.1220320071822454;-0.05027755772715148;-0.7052377617855629;-0.5444507512275134;-0.8633308020321279;-0.16112520279081968;-0.1492363056438899;0.7884643031747733;0.6041914580315493;-0.06357358835070104;0.9064634448286459;-1.3556974306937233;-0.1406507548833842;2.0807693847314086;-1.6195139648376182
1.3018924737513469;0.26103045327558283;1.1679777448195192;-0.781891495571324;-1.5593994575455818;-1.3779069181681276;-1.1876970212669284;1.9822015217540774;-0.6979589015064713;3.3340015880032388;0.7539709042747598;-1.1739657688307115;-0.5974251283540064;-2.0600654628813313;2.325432282702222;-1.1495615090176454;-2.279779947616131;0.3421335212475234;-1.3234234108015746;3.5057707752687755;4.230037818323146;6.757108880649766;2.5053831035588043;3.1625471874611875;-0.2377520341906192;0.7436496689631925;3.3986169098361434;1.8861821399976182;8.060301919607005;2.6084369552893185;1.4703043193453427;3.295555833186007;5.563745679094161;1.7748513611833163;0.7254828873124373;1.1650952526977867;1.915455239577288;-1.8783946169912142;0.2808876658263032;1.510657579409887;-0.5141237866943141;-2.5841859424441727;-0.8746602310375229;-2.266414997821455;-0.7028956781383887;-0.17941366155084637;1.4822720883686793;0.415575483440363;0.013135119720615873;3.386732741417084;-0.6393429574563744;1.3658417221117325;-0.86820198343799;0.2650274118580844;1.8701899990159863;1.502356437897224;4.218973356341417;2.87995328741118;1.5373916744768328;-0.6080752520634344;0.9125763628166018;2.538444827372664;2.1158829055614046;-1.8597904377260668;2.5150868101368564;3.5427804710437396;-1.367547367022124;4.165729025129984;2.00015940616495;2.6366427206919627;0.18693608482042134;3.2545510109108364;-0.85511351416467;-1.1847354799369643;-0.8105294825956719;0.8623295118106673;2.628348721606683;0.35166037763587027;0.9588117413723612;-1.2949278572982357;-1.755308218178439;-0.8901814527928195;-0.47782518590458406;-0.41929379777595815;0.6750238241244831;0.2258630160740321;0.021602410833914565;1.3000435365112206;-1.195151412846981;5.793029038207788;0.636910769986938;0.055387852352763244;-1.2311672945011543;1.4434352295019772;1.1972254511607012;0.23455720100361185;-0.5366482320770013;-0.5676838798707117;-0.8412680676926517;-0.18757853563807958;-0.00819092382329852;0.8989221752381154;0.7655291585572392;0.04680570725852103;0.9621192765294329;-1.4766949217014276;-0.12334522548335107;2.217031567898571;-1.7094173742366072
1.354919596074372;0.31296992356439024;1.3687468599691415;-0.7911469005621944;-1.649512798732281;-1.3525446275557897;-1.1740976896708961;2.1215447007902846;-0.531968891179592;3.33268321783441;0.5914658927033316;-1.1892712761179016;-0.5129972055386202;-2.1450874668688176;2.2849119051642286;-1.2109585532523677;-2.3715000124478274;0.4729281025519804;-1.2586153513715603;3.490514053107726;4.253287380697987;6.758391217057419;2.450903530492808;3.2802373938411797;-0.2600886999897274;0.7316388896224971;3.550869541182926;1.929107311709868;8.088864434647629;2.5304084542294643;1.2886913905392328;3.04379675118308;5.4191194152615685;1.6362816155516893;0.6893712018001334;1.079383663046052;2.0130080316093544;-1.8123572570018396;0.31183504477335;1.550779026980613;-0.5310985887103082;-2.5016117103233704;-0.9007115959312975;-2.1209459497358174;-0.5502558512098272;-0.2221381606714139;1.5847211440961864;0.5533847109473988;-0.025221507875429983;3.2853954695513394;-0.6411682143179888;1.494027854901396;-0.8501049196506669;0.21609683810765543;1.7691953874106108;1.4408034748355587;4.1191860185933935;2.570127219783473;1.4136856281782866;-0.7566365512605625;0.8497620899973628;2.5251148309137927;1.622907878569447;-1.9287916167437076;2.748095717727017;3.6777970504188966;-1.3980435722083289;4.272909058764993;1.9574915641323816;2.7513913710527134;0.17468429865917534;3.11657748964034;-0.9898406249710908;-1.225035934368085;-0.8282789866666158;0.811644843545679;2.496323381826067;0.3171661953900454;0.7791199638643782;-1.1945562019299552;-1.693168999376739;-0.7589829813114514;-0.6172521894349952;-0.38818741865424866;0.833773423342895;0.22832545089946124;0.024168021868344436;1.2752707503946963;-1.2257466268708554;5.8264271735051105;0.6665916970876155;0.05477000011539843;-1.2211475468133275;1.2928245527353086;1.185878752757666;0.5691004873151334;-0.3702691382170779;-0.6279493057399861;-0.7867696790119777;-0.1382706735102167;0.1469354845013123;1.0465735795198485;0.9916681509496438;0.14916038337179882;0.9826791905546486;-1.585236951988098;-0.09233004624044054;2.3745067529361177;-1.8102275163865449
1.4050757699321064;0.3531899847273853;1.5292344575861523;-0.7562604636448841;-1.704854207280528;-1.3364543494646586;-1.223069279035543;2.2447704680526797;-0.31195342389344827;3.313974289145768;0.45392369552595635;-1.1748589438733859;-0.44549859467156017;-2.224132448488638;2.261634665344754;-1.2771100063224534;-2.462884131449912;0.6892494908462853;-1.1840071343220382;3.4072503034756805;4.196701202127305;6.798684717181104;2.3912224983700288;3.311987412660861;-0.2378497236728347;0.7207683520993236;3.748999312444015;1.9818921153301696;7.982400678157243;2.4512580243626876;1.1470293277031567;2.75122565865886;5.281942691623591;1.5023752634325878;0.6585017115432856;1.0803025962583954;2.0702723987657503;-1.6725728798479405;0.3587799189810264;1.527361805725083;-0.5157346874058831;-2.3861384347524783;-0.9106165253749888;-1.8828339757047645;-0.4062352047888859;-0.2750682867909977;1.7223641858917533;0.6541978786993726;-0.04853391565626508;3.1819458899170243;-0.6157195554455299;1.6101207829443436;-0.8376011698541961;0.1948846527342313;1.6703000395745553;1.4130961520044596;4.064253493909626;2.316848748843539;1.2549368912351595;-0.8625083355092914;0.7970221224659526;2.4791020020051815;1.0822457913257562;-1.960785043146175;2.9456702703255364;3.9078058960678947;-1.4343929978414889;4.311791412039075;1.9482150542895305;2.908563027410397;0.18940103477802517;2.9610491010278643;-1.0638558463681487;-1.2806054005128227;-0.8227641573962837;0.7561000569437145;2.353452714712368;0.35622821673320915;0.6364094939231193;-1.0919699214552607;-1.6920498419125298;-0.6461858371892538;-0.7375264951235024;-0.39727842870131747;1.014708052573475;0.19132549285465592;0.0030816909092942213;1.23237104065408;-1.1913745537495812;5.767488431966501;0.6992278809411089;0.06165099518305035;-1.228583785599838;1.2129788702520141;1.1314608540997573;0.8718040497047848;-0.2341442119621456;-0.7190399899731403;-0.6773265022312076;-0.07807471736039148;0.32588284671920514;1.2597203266049892;1.1578215621352355;0.22583611885656474;0.9725124852847252;-1.6571504781373714;-0.06479801585661527;2.5078795295815466;-1.9113301288284676
1.454374994965595;0.3833682575489855;1.6156742707374796;-0.6837309806239805;-1.717667214291599;-1.32719748604606;-1.3037459265055502;2.4100069120590666;-0.06798645229920605;3.27306520044423;0.3114970434802816;-1.1444861153716768;-0.4029233951111561;-2.2962771430864932;2.2844544657764225;-1.3594495979894863;-2.5270338324595403;0.9174221595987717;-1.105526057862996;3.334638467607781;4.151964335238749;6.842036295586989;2.354420941370679;3.258499175351778;-0.23338143868130917;0.7299651478002911;3.9686065225959903;2.061410297349315;7.856423239064921;2.4166178374101768;1.090583328589028;2.4901174945606743;5.217827015103209;1.3665950569078198;0.6045852217133136;1.089087821613687;2.126695796619891;-1.464809057391279;0.44402625228722703;1.4821806700335136;-0.4504749316242307;-2.212297658800614;-0.9385535564826626;-1.5754707693624166;-0.280317494702996;-0.3194536556536667;1.8423319510949854;0.7497512426732845;-0.01680179508155577;3.086108481121913;-0.5952147220052901;1.6697400688050685;-0.8183458127310674;0.2138404442040199;1.544695197798309;1.4138312240518118;4.044864874306507;2.1433997162345704;1.0864032064690317;-0.9176482105283306;0.7600765765968518;2.383691735335884;0.6226519231969422;-1.9446241507164657;3.1406200672960263;4.208071075471333;-1.4541220686522207;4.305271841458501;1.9722456970268307;3.020702539365905;0.22237635877025497;2.846072440754116;-1.07892612643795;-1.314020656373583;-0.7943741955509089;0.6978164932038633;2.1739143236255667;0.3955678792047991;0.5712901677245293;-0.933963828058597;-1.728322608590477;-0.5777871475704071;-0.9161922692023521;-0.367498274990829;1.209441088604652;0.14727577889857804;-0.02816596035559349;1.211616217032705;-1.0758850938475535;5.717385718470557;0.7443301615484723;0.053099451750480677;-1.2680534508074848;1.2345083698256774;1.0578484615659558;1.1928861723784658;-0.10777099488212845;-0.8254178599519558;-0.5696068051734987;-0.04490796852452278;0.516930043413853;1.531764549865653;1.2823408303035393;0.25998251498139596;0.8886805803075448;-1.6703236791432712;0.03832596827031779;2.688929009844045;-1.9946780856048525
1.5029244369734442;0.4126514555762274;1.6492564179755775;-0.5872614837050508;-1.6778497036712745;-1.3159416030962865;-1.4044315362902449;2.5643688611877806;0.1613265489236677;3.239239321962879;0.17795713029210167;-1.139971703860617;-0.408990621144385;-2.3243713798786603;2.2859573528175376;-1.3973495080920948;-2.5321744602121807;1.1987532565034174;-1.0094350365255085;3.2598135985585457;4.108674808818348;6.905778955245354;2.311421142139206;3.1403711781586536;-0.2434764639528719;0.7595694122180617;4.159812062987694;2.1703470687391615;7.694914494865161;2.418730171407041;1.1349896523076166;2.2821999626163993;5.1089122799167015;1.2565093684450959;0.5610665980039572;1.0901971185896848;2.1499070669123896;-1.2506957069640119;0.5310936928224671;1.3736142868862544;-0.3458142952752592;-2.019884862028844;-0.9787998703164271;-1.2648116133796277;-0.2463766283550985;-0.33654639716043555;1.9615617751170804;0.777379858645386;0.04374086340025429;3.074027879432137;-0.5709589191630706;1.7683017460092387;-0.8127081768414448;0.2866328313902007;1.4042769297611375;1.4565985126375462;4.1199474029237795;2.0216372832666836;0.9184702683552023;-0.9111088622472371;0.7672392226339904;2.223339929649894;0.27062340925349715;-1.8758745825279208;3.359132236597242;4.514552602489568;-1.490588650550188;4.238846216524679;2.036268857008138;3.104836657336055;0.2543903099496839;2.7559472174118493;-1.0545371477462795;-1.360901260509691;-0.751276133932506;0.6527289896083962;2.014410751390896;0.46364407690115805;0.5539208869159055;-0.8092837045774011;-1.827331163737033;-0.5495664045303643;-1.0767548474752209;-0.3102532909130418;1.430356326044438;0.08379135137272913;-0.0793721501476009;1.2030370502983148;-0.9213079907954641;5.760072977186463;0.8011181341546716;0.05047178340200196;-1.3041521526127573;1.344983569096531;0.9834272102585611;1.4808706052873402;0.013186129010246184;-0.902159114487146;-0.4926836431714834;0.01072486601285405;0.7357468729467339;1.8124194674481722;1.4090924425578324;0.2778587795650156;0.7367741312539852;-1.5835904017873241;0.1542550761023683;2.8991198896698727;-2.0456048433276313
1.5533072133215076;0.4376194113397151;1.5999829364126454;-0.4723529822734076;-1.6094125909553187;-1.2898459901326862;-1.5273614861087985;2.7570870658544866;0.35301147347090767;3.201599185255553;0.053395958197150706;-1.0668097525323255;-0.4383932327049154;-2.369991609318118;2.2822112544515734;-1.3477577667777954;-2.5122025754386623;1.4914476585172631;-0.9072675236096879;3.2108992949656363;4.079881639411468;7.031133167851795;2.27376911085864;2.993336622669101;-0.2804771195083873;0.7860966323683243;4.298912853415176;2.3358469535444937;7.698018556752979;2.4455623224406007;1.275916312903406;2.133672962062492;5.098535453988552;1.1854631463823904;0.5457991317468145;1.0992406950318612;2.1400602862263036;-1.0001490808145004;0.6025171367415062;1.2294249459455773;-0.19525102294866592;-1.8235627700629682;-1.0319276340433223;-0.9788291073555694;-0.21603412186016302;-0.3758814563624976;2.0931509661357928;0.8354623493794474;0.13139366004994923;3.09615321321535;-0.5468703307853344;1.8931596803093804;-0.8266926299327795;0.3747410569454502;1.2348021484875082;1.5383044442130975;4.274177568677876;1.9646230541834118;0.7552134804495964;-0.8531292734490279;0.7841142149167517;1.979711317572713;0.06377669644673893;-1.7595726221841854;3.5475727245652515;4.81843813478509;-1.5651646225122813;4.162106762880653;2.1341243341476184;3.127404035798302;0.32245998476098797;2.7384875184808717;-0.9883927527022031;-1.4122797331099526;-0.7066581913602827;0.5912052528915268;1.8670932491786565;0.5333615947042892;0.528663164022979;-0.7776609886851257;-1.9629679200075139;-0.547513151420183;-1.2209890995544306;-0.2534991521292516;1.6358364708106283;0.004600013187116216;-0.17998538500901573;1.218806825822699;-0.6728108529630367;5.882035464594744;0.8883848254398748;0.05283491425563227;-1.364930447643786;1.5402931390781034;0.9164180467987573;1.711579402311378;0.11135332483206668;-0.9983285263496272;-0.42634547109311177;0.0354423662722293;0.9681024873319103;2.0703793381708877;1.4338658821770396;0.30506819174307503;0.5622869302068193;-1.4325897791141584;0.28755782478332653;3.1454160771999544;-2.072092416084868
1.6052162370466856;0.4703906816844004;1.5632875547248517;-0.3420043344276187;-1.506669879867897;-1.2478622723542951;-1.63698097253679;2.922511574510545;0.4718852965382674;3.1958675177512275;-0.0874962931158833;-0.9719552586818153;-0.4430658894944888;-2.417113837870698;2.2367209186911894;-1.3089261292795458;-2.4428187042873892;1.7644862989761432;-0.8076709436285091;3.1751689745863017;4.08685323568343;7.146295403298652;2.217464499061485;2.8543059192503084;-0.2971520157890366;0.7781466440065495;4.422368475933619;2.439744119774042;7.514276434174148;2.501236290383992;1.5084361072505583;2.0027934227452273;5.210319494124496;1.118943950316852;0.563976534913862;1.092101151106816;2.131568134996624;-0.7430913053680228;0.6751797464763377;1.0600155247322591;-0.004552354924743114;-1.6319976184267544;-1.0811983701460641;-0.7690204808582365;-0.20882675497933217;-0.427734572570205;2.192717235849585;0.9117254692359091;0.1572772286474211;3.1548148686026725;-0.533741785123197;2.0291605789410156;-0.8489937386324693;0.4668719510309618;1.0644304605088861;1.6243261931105164;4.468912998038848;1.9566988111872483;0.6227054953520684;-0.7561218862423035;0.8492783395353241;1.6881143575187025;-0.0010492145249316048;-1.6270243748683313;3.672526995496042;5.1091245399383;-1.6279941532794957;4.092305428641674;2.2477444386970866;3.139365235279977;0.42968623414337653;2.7518372952621895;-0.8754093357147326;-1.4842907663560676;-0.6957082956774101;0.5021436258729175;1.7484936522698176;0.6015335311643709;0.4439353250895946;-0.8083183938101082;-2.1614471518283374;-0.5964912488835914;-1.3169110889742226;-0.17659556643394614;1.7823303091704803;-0.074362400936819;-0.3092920760654728;1.2531287027765445;-0.4212281061177827;6.049817415713124;0.9919563742510555;0.03379953849835644;-1.4220695542640283;1.7958086256869792;0.8403720374350792;1.8673043146583534;0.17790978724333772;-1.1033957363598925;-0.37831817460523326;0.05098178240322215;1.209944275621883;2.3304850907532195;1.4615984877678023;0.39438122117293833;0.39340514170628005;-1.2317347589182666;0.41352591497585367;3.4801861640843277;-2.0669924776188147
1.654256451846474;0.49296140681167255;1.4826573649917347;-0.19071813823398973;-1.3872965977378962;-1.2087491879868533;-1.7435610122150451;3.048000453392648;0.5419288759755367;3.1607468491054145;-0.2424434694831314;-0.8485427734183325;-0.4822642176448794;-2.4302809192208445;2.1754780104180127;-1.2310123854793886;-2.3435002820882804;2.0082141526168;-0.7175200299399112;3.117839852444637;4.11099863120182;7.257548910642927;2.1849314175456565;2.709015512119006;-0.3697441971419607;0.8089815627064606;4.460802821285486;2.5213573364522652;7.4230029801086825;2.550692221393047;1.7995726290941396;1.8839517831792951;5.42646270576603;1.0790266635298378;0.5955010922808417;1.045553618818664;2.1375366220569205;-0.48319499148977557;0.7249720269049078;0.9091786431416264;0.18820782609618317;-1.4478634061462448;-1.0592726055588133;-0.6388487737725913;-0.17885238454877997;-0.4841239577604516;2.3057630637622415;1.0097289634543576;0.2294442317893668;3.2134056474391968;-0.514081808721112;2.1685106226034616;-0.8766635123548824;0.5492827120844894;0.8559643002042204;1.6882776640300754;4.65266771389207;1.9884391743307;0.5383782889186911;-0.6473978413338725;0.9065225936637462;1.373889516576104;0.06911119768352868;-1.4719586882869231;3.7234895714248544;5.315992910885221;-1.7099544048557882;4.02735634598384;2.3912105897635403;3.049423689405799;0.4757199665109832;2.7968914704512815;-0.7383926773926289;-1.5514172870493108;-0.6988070814370715;0.41271091749054933;1.6867623720750942;0.6163146187411439;0.3483761514297978;-0.8619031073849216;-2.3296875986086167;-0.6090347749007947;-1.3958549528138358;-0.08763622104888066;1.9238308830885569;-0.12219407514556258;-0.4744228114117697;1.2624151091702924;-0.17871923691003047;6.250416382827145;1.095748931505578;0.0386671350178168;-1.4568836071533422;1.9954926365753285;0.7519723946691089;1.9598607250036562;0.19632157769306602;-1.194532373069943;-0.3680255412811156;0.07925477290307037;1.4115758520896755;2.533279992957287;1.5625958243480609;0.4948909051637926;0.2946357091993095;-1.0390230219268386;0.527981901014759;3.892991019783628;-2.014228787621256
1.703496713665724;0.5111459476513697;1.3794604493600102;-0.03076840722218756;-1.2676533261323624;-1.1745641269068041;-1.8516833563740525;3.1155018807040578;0.5018455615791144;3.1594619665280157;-0.3547390945532235;-0.7159051288718296;-0.5262890519178626;-2.3851634332920937;2.057432102361075;-1.1399707363696994;-2.233262038559888;2.2268032276997403;-0.6237583189515802;3.0516912641657647;4.129536963501986;7.372726839307275;2.172338637767945;2.607295773668822;-0.4591032104441702;0.8886282052180563;4.4446285413806805;2.5884148954312884;7.422987457146939;2.6301016931725854;2.1041018786658774;1.732559246979419;5.738378649358964;1.0209123421955484;0.6279514946554642;0.9637022343766634;2.1715700002992366;-0.25513931430182796;0.7505544934217215;0.7940369141624931;0.3882962329179183;-1.299750318712903;-1.050396465790841;-0.5324959270610252;-0.10715124255834005;-0.5628388046127486;2.375321095989214;1.0926430653338925;0.28507879954213977;3.292893321235836;-0.49566763678920944;2.2230423339010827;-0.9355439073802306;0.669237875358126;0.6383825798316819;1.7071573062312335;4.8372429054493224;2.0172122619063564;0.46704559491455555;-0.5347062676643115;0.9530172177455557;1.0212372290700866;0.28555711109928394;-1.3268915389238676;3.6928080958755096;5.4442726515157975;-1.8192606321335516;4.000173011524619;2.564420828058666;2.9537117864463305;0.442244851643114;2.9001295145757684;-0.5797459683893891;-1.6212965541941902;-0.7384305084827754;0.3297174614474023;1.6661663789110346;0.5737500575090932;0.20145328834996437;-0.9059828662079974;-2.464108761210365;-0.6664720725202836;-1.4208265151786066;-0.010580942027914347;2.0259548396591494;-0.16071298682457394;-0.6591580999103813;1.2051736518807588;0.02031353120837694;6.461271041785807;1.2035170209263182;0.06491065932134248;-1.4807043926091057;2.2031776319011556;0.7020762257081653;2.0473571750697155;0.21509006112818105;-1.268394801959083;-0.40274584893540927;0.09989326219310568;1.653888315380331;2.631037658259515;1.7290051771556627;0.5879523663309978;0.28989383198060237;-0.8250428122828879;0.6389404798542326;4.3465362109152155;-1.9500032404286576
1.753572969399708;0.5409784482797975;1.3260375514361549;0.14360150874371116;-1.1577660925479614;-1.099245536734389;-1.9466317306250531;3.1334491065195302;0.35102497981724484;3.2384550051550276;-0.4898594582242185;-0.6245160787378612;-0.555417985253846;-2.314450138149809;1.9160971983045707;-1.053234107455416;-2.129969686334236;2.39907213755798;-0.5769317326780959;2.9505004294843156;4.15194349210242;7.404189207168922;2.1786254930863946;2.552302731460561;-0.534966152006784;0.9567042870880733;4.2840392320945995;2.6415546294275503;7.57300759860137;2.633975999061571;2.3643076366528444;1.5642756325641844;6.041082544456306;1.0017087968491758;0.6391754631734622;0.8561690356811361;2.2969615923257956;-0.03026143960741483;0.7748442366142841;0.72680809004161;0.5529717242765495;-1.1855508515839999;-1.0405918900420246;-0.37637130488316134;0.01920376426612604;-0.6483736101914144;2.4174041073052925;1.1633012586005922;0.3219696769710381;3.3466424805682546;-0.4704297558526555;2.253989914164659;-1.0101409754975976;0.7494257262696088;0.4349131004799194;1.6831710634324382;4.941175044658424;2.0231718100163993;0.4305538536755173;-0.4301803569551507;1.005233926771632;0.6755143383517267;0.5327887218025577;-1.226109232688466;3.605945671376609;5.492536320568342;-1.9308585475727682;4.002396543732623;2.7510056780895824;2.824941532712699;0.3677922784833908;2.963407815708514;-0.402504039722678;-1.662503346771046;-0.7807060937040986;0.23537313337978172;1.7011731544893827;0.4608248999429627;-0.022007412631751027;-0.9291055375644929;-2.5515158000556077;-0.7386488655842763;-1.4065976001324032;0.045537917489802515;2.12860276356358;-0.17900892332145843;-0.8452036528913189;1.1523754099640628;0.21008291951660985;6.705417341819916;1.3092110465446498;0.128068590385839;-1.497032866393529;2.3592976736823577;0.68089580484141;2.1378753448309284;0.20292893663785763;-1.3011083818356082;-0.44805428897539984;0.14472623383698624;1.85429206602453;2.6965674025859854;1.9937916830719147;0.6668996273173574;0.3129770596506807;-0.6321339125274398;0.7177586091312875;4.89000108168285;-1.8557522764070433
1.8049349630085392;0.5936421935858934;1.2696812011603034;0.31180842277390075;-1.06102600995179;-0.9933454079036411;-2.0071438816468343;3.1329505127474206;0.1284623368086788;3.3526778757024753;-0.6576976839964008;-0.5880454228911955;-0.5936898774268423;-2.233469498485562;1.797345652400601;-0.9691639034094912;-2.0290100790286894;2.487841062615314;-0.5633006518146506;2.86030415610224;4.151872211045305;7.452277829846658;2.1797888937067387;2.5068482190218284;-0.5831135060970607;1.0093110949284438;4.044587144921834;2.6694196580267917;7.741052515942951;2.6033400536608085;2.562581631907371;1.4375998672751626;6.2826325445127;1.0577369127235252;0.6309970281422493;0.7598177488375338;2.500343704300173;0.1993781977728685;0.7484973074579291;0.741343817147348;0.7042340629449221;-1.0452352794242004;-0.9916523719757047;-0.34384445186105045;0.23047613187455773;-0.7233418723877083;2.4794468941568195;1.222332876945116;0.3433517910491563;3.3856106189450172;-0.45219388137791966;2.149280332372778;-1.1070903162850205;0.8545338227821517;0.2587826558372164;1.6189004273649978;4.9765476716531;2.0163264484296453;0.3931460393733855;-0.34921594646137843;1.0278493728043996;0.40146882026328967;0.7449669842293603;-1.1564345385849482;3.490104690070438;5.468557294427576;-2.016225956130168;3.9925122168223672;2.8852936203070967;2.6714514207075055;0.31335872972067447;3.0273335933858125;-0.2550030460657918;-1.6836010929288734;-0.8320496534180891;0.17430049606376907;1.7492348903272315;0.30752653892505655;-0.27435832561038037;-1.0952237239978875;-2.5297889919796277;-0.82397614062813;-1.3671893547103056;0.11412610055402472;2.15166664391125;-0.16974882276593414;-1.0479184070715224;1.171878475960713;0.40345410944450144;6.988240505265971;1.3943235187249796;0.18748794504231509;-1.487152123130469;2.4281134220208123;0.7200516562160382;2.2160327660758012;0.19245960963419684;-1.3253356838759092;-0.5265250892676866;0.1840693753263266;2.0329400751132947;2.724833110151608;2.3112585308090376;0.7815180584309199;0.40098083741539603;-0.5026222668296081;0.7336249757389562;5.477766183405411;-1.741846561114543
1.8533932228419872;0.6636179748986268;1.282070326245211;0.463551880753944;-1.0006454327368826;-0.8291544378305838;-2.047653329910298;3.0629081966939227;-0.08838935215935835;3.47920505317388;-0.8123381584343069;-0.5971449122301355;-0.5972769629613662;-2.1004871627774566;1.6898727610832467;-0.8719057764717925;-1.928477259242367;2.5351695414404936;-0.5989261321458396;2.7421831155690555;4.150326822037914;7.445616165970667;2.167598313394472;2.4662528197713223;-0.6364130143322223;1.0625073290174094;3.6620047105086897;2.7344204892402693;7.8716608530230205;2.556784607764226;2.677516400852006;1.355844940584805;6.402405046599192;1.110210801285114;0.6024061889621679;0.6543320935957327;2.7659212059912264;0.4035035275147467;0.7018438105005832;0.8587399883059564;0.8571349635001994;-0.8846075509937975;-0.928039654760383;-0.3767429039031833;0.4581349178051543;-0.7612930990262354;2.5230504387809685;1.3354467077451124;0.3109268892989542;3.4532503758421407;-0.42569046540231864;1.9827162437066441;-1.143175280470413;0.9359220088960885;0.10333401147288182;1.5202810440079624;4.965917197640797;1.9779065792451742;0.35191598208278174;-0.27518123648393056;0.9962894353159115;0.21762606903704182;0.9115295222346399;-1.0538025042473225;3.2681754517405377;5.388535634776513;-2.071107548950941;4.050462701963343;2.970264910553253;2.5068170443791074;0.18447640617018846;3.0340753003914327;-0.09054814863984753;-1.6877627224082552;-0.8770067359763005;0.11152680113337465;1.7741822884627303;0.16361804260893398;-0.5127918811087403;-1.32652667998625;-2.487572738788703;-0.9125127540406178;-1.3107697160767815;0.19586368383489985;2.1411495658300477;-0.15072097136373638;-1.2378202271052385;1.2312297176265166;0.5243569796169653;7.3138808791202665;1.4636679287307999;0.2670610799710638;-1.4383346308733556;2.4344453125953995;0.8078412695155902;2.3344069569359394;0.16058857586110045;-1.2993697128051331;-0.5811123955085998;0.25544223003127353;2.1560136432417423;2.645024360397918;2.628090062021435;0.9283572454721623;0.534057370195117;-0.31971621805147904;0.6793662910635532;6.042179172621392;-1.6193398812083308
1.9036445433160527;0.7121730246981541;1.3315720509821516;0.6231310737223157;-0.9808138888443494;-0.6605353836833446;-2.0595669331222894;3.0028597138768713;-0.2555568249187611;3.6134896109687062;-0.943961063927026;-0.6038513282163918;-0.605417917428621;-1.9407252061110907;1.6354099868620133;-0.8102360275658955;-1.8619228406890258;2.532920057876909;-0.6436274490354219;2.6406672700229605;4.143942894197392;7.439186241939886;2.158485803608379;2.425002375063938;-0.6432182023602209;1.0993315364879308;3.2701734664826843;2.794327417576584;8.01367821945916;2.4506838134055156;2.754705922690008;1.3089859854853687;6.384976775574283;1.1663381462674565;0.5545797650513609;0.5403064030877077;3.0780862959157176;0.5688657557850441;0.6609696732354269;1.0113200497227175;0.9975722353848067;-0.7566617750076489;-0.9391266367043049;-0.4203140427202105;0.591935013459477;-0.805807757949315;2.53496948164154;1.2967363724301961;0.25792064834065737;3.5230812625420302;-0.3977188538109602;1.7697045346160574;-1.1688591827862003;1.0113912533158345;-0.020300520475644318;1.4327520566083982;4.948388727089827;1.9434679741618102;0.2996126050332325;-0.23693256884975775;0.9052138447347567;0.06274583824551062;0.9836433500341021;-0.9594835057614205;3.11163714428285;5.277902049945639;-2.1147556024482297;4.140977831420867;3.0189128276710306;2.3902422858711785;0.08533340783997312;3.0222479048328097;0.06707419114356321;-1.6875128577603058;-0.9265930228535816;0.10199794053080669;1.825151628927834;0.0022961429546650702;-0.7536479777850374;-1.5393439684693861;-2.454487830633043;-1.0058928858903646;-1.2621919441285063;0.2829944015039225;2.128535749176947;-0.1338632843560835;-1.3592433116114704;1.3495839549126185;0.6877002920824317;7.680659429570653;1.4998534193241628;0.3608726426215348;-1.417980146095128;2.447395530351183;0.9230897197682365;2.472406745133748;0.11507124519926244;-1.2713898548039777;-0.6280830179397033;0.29912727480535195;2.2103972203199196;2.5704079227080294;2.9762919810601804;1.0020896485718016;0.6853664441310915;-0.17946014909289346;0.5939054357999064;6.5594559897604645;-1.4972296287907492
1.953670268141953;0.7292545106530237;1.4071231319881607;0.7611250531515571;-1.0127601850536114;-0.4655081206581399;-2.052258663738282;2.9230801748660844;-0.34324243079726446;3.7680372906864705;-1.0545138044672173;-0.6439049673877714;-0.6142573256500328;-1.7239476868505097;1.6358612133364214;-0.8332118219450425;-1.7947193831663037;2.5265081532230735;-0.7334186334890116;2.5301821624425016;4.1509363668918695;7.459516924319341;2.139327560447987;2.3305913273522267;-0.5983648135557127;1.1538085410200112;2.9440838146714894;2.860753857058424;7.963092054316793;2.3230401990063982;2.76535903136231;1.3051829390935328;6.2832793514642225;1.2051573751456521;0.538604750726371;0.4404406396066305;3.347415873562638;0.7404731429252209;0.6754076796278032;1.2002738229608247;1.1382855147053068;-0.6152119826866623;-0.9420879868111007;-0.44923368148999887;0.7451805463635146;-0.8552579779231194;2.5496979613127233;1.1382578191121993;0.2032191475689395;3.5619597194707766;-0.3610789491376804;1.568317918995609;-1.2069196209895057;1.0808712783499026;-0.1309957949183188;1.3289835544328028;4.894618416755228;1.9490283029601363;0.22692387741661157;-0.20529718560228552;0.8357626824173476;0.017929671380295237;0.9839994955558988;-0.9148281866438757;2.9929013648650145;5.177947873267729;-2.18603585257553;4.30242958332468;3.0409187414398313;2.308408114458455;-0.04607274715089382;2.957567495478447;0.17339884576635134;-1.6497404351226248;-0.9510815340696942;0.11285598715781331;1.6760176156209972;-0.11564645603694701;-0.9502619527304258;-1.6752817063524739;-2.3588759216740436;-1.0681754585212349;-1.2168284176906488;0.32067706952746367;2.035714155721528;-0.1299849506879731;-1.4410879900348956;1.3804517262435125;0.894759864335105;8.042841242931262;1.5192257168768282;0.4183280996549625;-1.4227454002648299;2.4832245901199244;1.0375375420572819;2.5787308549933936;0.08985788847276499;-1.2404131885255838;-0.6410032360406848;0.3153360641375645;2.2474233377768846;2.3632333413972137;3.350145649216392;1.0915801807385916;0.8638410284323242;-0.11501807044933836;0.4698933921602948;6.989787627355824;-1.374617076252771
2.0043637183292353;0.7200510920399371;1.5135342742240643;0.8297608434403613;-1.0829558739635021;-0.25453023329867125;-2.035355493693604;2.9170791553505344;-0.4078137204042263;3.907774134453159;-1.1313714905760925;-0.6597938638070381;-0.6384403108925795;-1.452868899984612;1.700199903109018;-0.8291023637329135;-1.7534399658249484;2.468593785532526;-0.8357473727924305;2.469884337933672;4.160989526852488;7.492287489680456;2.1229699464836784;2.214899630170914;-0.5485893517289606;1.2462772128749613;2.698731292367089;2.9925990517068333;7.78751570075942;2.2286958746601626;2.669569176068349;1.3413773680976941;6.110218457282131;1.2042628516595226;0.5041767502693348;0.35625026356780776;3.602346793639389;0.9009105185796606;0.6520853493204544;1.3737517386130034;1.2722442425400855;-0.49245241402638107;-1.0026305599382588;-0.45241737358355466;0.861901114174401;-0.9043081292295314;2.590277870729853;0.9346091130869747;0.13139671543128617;3.545948312300157;-0.3301264301255668;1.4697927818650423;-1.1989559863579986;1.1544713004557086;-0.2215427570428145;1.2340540346034874;4.810870235121955;1.9203151441050332;0.10785832884150792;-0.12929241178980044;0.7741107243967189;0.020743166262986435;0.9725151665415529;-0.8992013952409267;2.9423552664792485;5.150968793190368;-2.239102269135322;4.4980532930731085;3.03093854673398;2.2474823088396083;-0.153347108972534;2.8582730350047663;0.258247979263591;-1.6024091879374402;-0.9793662437103574;0.13420420680286804;1.5597009576096292;-0.2046593547153217;-1.098719878693058;-1.724221091838598;-2.231756149166543;-1.116272026302021;-1.1948280789252776;0.34358059551027686;1.9506766451555173;-0.1581968064199589;-1.476088700358544;1.4095327696663056;1.1358174889159225;8.367240234649174;1.5017866741729178;0.475306735351262;-1.4224616532853367;2.518583051497291;1.1038757789455858;2.667456226848909;0.06005649347528289;-1.2191668292346018;-0.6500419173859985;0.31410171820367083;2.2348026747130834;2.236017633103067;3.7232617463438857;1.1513888055810961;1.016541085244958;-0.10184467529590753;0.34376482936660335;7.2908060150522305;-1.2491357786425963
2.0545774080649912;0.6915686628947645;1.637795913352091;0.8566552126300045;-1.1752135744235241;-0.04287210626594703;-2.035644605097328;2.972184431347555;-0.3199927854292012;4.037238197839078;-1.170613836639342;-0.668163521919336;-0.6628988193759068;-1.193366729334979;1.8367519901276557;-0.8610126302856916;-1.7291617280721168;2.3791137851579984;-0.9466056603269475;2.367464460802625;4.152985908888295;7.5477292119128245;2.0963762400341035;2.09319597467244;-0.4879843763864741;1.3680871462936772;2.566505221701196;3.1365859248143617;7.551712394437677;2.0923452747770663;2.504328559082099;1.4114772822860076;5.951779194838785;1.1991763690759314;0.5057545833341892;0.2511430070871767;3.8515343846868073;1.0743039395744123;0.6537106273511972;1.5478470726050393;1.388219740147182;-0.4020239757331798;-1.0791857658629946;-0.41328064835619843;0.940428730488149;-0.9889965269580904;2.6344761847342517;0.7410044539322647;0.03457301001926588;3.448971867232357;-0.3267261106558652;1.408008474750929;-1.2016742682020285;1.2167927559459042;-0.29876750699515825;1.1419594532493729;4.720579323451032;1.8644803698576105;-0.032040372166817876;-0.019780246202461733;0.7108362627080662;0.06242986268225503;1.0529496463444699;-0.8920127268612679;2.911724665350834;5.072049921083655;-2.272235209015876;4.689407912978318;2.966185735322012;2.2132678661002854;-0.2473153412293153;2.742517023695765;0.3763237514369304;-1.496310506535548;-0.9732802490884899;0.19620511342417546;1.4181477463706347;-0.21606134198291604;-1.1632517050941467;-1.7721690008592048;-2.112394285729184;-1.1751311742691686;-1.2062067844694577;0.3607065949500398;1.8824041863738907;-0.2082640997326247;-1.4823556130478566;1.3235616683068787;1.333346916984609;8.660877724547769;1.4451624263408438;0.5207922669553556;-1.4636973160428661;2.5889017156915357;1.1571708800985225;2.6890568888214768;0.03753884013261377;-1.187833082524105;-0.6344779162544029;0.31447879716265464;2.188678406838228;2.144762178196044;4.034997405692324;1.211268259372958;1.1514569123454006;-0.09380390582968039;0.1697879748298726;7.441366453691429;-1.1330802853520172
2.1048531444697196;0.6363572051112222;1.7787576841671828;0.8219119002926568;-1.2824138091411563;0.15492105670091003;-2.0634957383862007;3.0426549523739803;-0.18473498401689467;4.117996528754338;-1.1907524974720114;-0.6968531583456979;-0.7028819449968542;-0.9227568110416661;2.0102421826430086;-0.866656637196131;-1.7400848804433506;2.2929176814161636;-1.0716693056768407;2.2679560225698117;4.112551170709935;7.561922635334366;2.068134088987928;1.9370101091884966;-0.4412579233968161;1.459232073599973;2.4770339320907575;3.28587010546029;7.202017298043418;1.927761377868956;2.373894241585383;1.5044302343206233;5.759571919158765;1.1712219520921667;0.5129224746713501;0.14108277924681412;4.078780418191433;1.2733862518151848;0.6748237655794358;1.7074338540948608;1.5178037096949482;-0.314994490468782;-1.124169943459111;-0.2984598385002056;0.9593794069540217;-1.0910712276691108;2.7132681580301985;0.5175956258931513;-0.04000531359507237;3.2992590049095156;-0.3440095726633015;1.3735769668377174;-1.2161463408336157;1.265352107773162;-0.35297877015030815;1.076902188508246;4.682939879047792;1.8161971352180426;-0.158558883717321;0.12168905119053974;0.6648314545441271;0.1076065883635977;1.068761728827191;-0.9721830663206353;2.927259039344911;4.957941552979123;-2.2606766688508557;4.882863491731185;2.8759945880668667;2.1854407999486187;-0.30241378246723194;2.6654588989906602;0.49440957347040504;-1.352775721907836;-0.9508073564466798;0.26551196224496887;1.351126163570568;-0.12554749460277215;-1.1103946226032393;-1.7873445419282499;-1.9501821907294925;-1.2387964116048296;-1.2227937977693937;0.40124788230159103;1.825807647273227;-0.25095943429958406;-1.4618672628200766;1.2358917641310907;1.4832296261738007;8.895586752195781;1.384204194060334;0.5534463200106359;-1.5466741758609257;2.7446272861053567;1.1761861323648268;2.7071212064087975;-0.00478660682047168;-1.1886082759998573;-0.6205407772941868;0.3017131281885514;2.1167280798639694;2.094696044505972;4.226557207154849;1.2498086198601144;1.2865919097803145;-0.13325633885977237;0.04452889219557125;7.373334728451996;-1.0306301857686604
2.151923094348907;0.5230890654483328;1.923723703385393;0.7479634610757887;-1.3902972843966386;0.31690765937743576;-2.093284103512063;3.1727005937744788;0.013991972015337695;4.196392592820824;-1.1865580560545623;-0.7003783262395195;-0.7412192460173493;-0.646380270097989;2.1972873586457644;-0.874875168231139;-1.7731306921120764;2.2387234834744634;-1.1830432088347855;2.159608615723286;4.068276172131947;7.543157643789247;2.0022744618581756;1.7807311794858645;-0.42148234743374385;1.5167752286102132;2.5347123056026146;3.4248964101255286;6.718982120471155;1.784496214945001;2.217418024435234;1.6235768260323544;5.589719640272329;1.0818511635418875;0.5257079571677167;-0.002052676184918519;4.273017962957244;1.4810715120213735;0.7344726511397992;1.8036063176103347;1.6091101475197325;-0.25934103585315355;-1.1201469082819793;-0.1983263438197338;0.849637140254287;-1.204822934738945;2.7656817014138286;0.22523778886650292;-0.09876063639949983;3.099445749728774;-0.3979051447328839;1.4241755533522555;-1.2514460217134675;1.3177948956501746;-0.3727241289915138;1.0385296597747398;4.694930174540165;1.7463846402704621;-0.2873056048613379;0.28875361415491535;0.6017753180557924;0.16009195704844773;1.0906825616407076;-1.0523715089930739;2.9394615058496725;4.9632129937422915;-2.2861067092214515;5.048888815554028;2.772352946286849;2.1203191767965524;-0.33219195740047297;2.6116103652385867;0.6203517265764474;-1.1629680588009454;-0.9225056688326221;0.3432675414057611;1.2691557227964358;0.011621703614321355;-0.9649679739168091;-1.7588610580858368;-1.8132499959895758;-1.3331539325973294;-1.2830073101261907;0.4652305668280218;1.7013500206692276;-0.3173550969885746;-1.4424822952837164;1.0867705604900098;1.5804283319208672;9.108784319528228;1.3069018937782353;0.5625153869780412;-1.6349080989608509;2.9682601813940823;1.2182800716336513;2.6790287027928885;-0.006616589106430777;-1.1556368413413363;-0.6181839399953885;0.29919826508807834;1.9920432900299565;2.0669700331320557;4.304185788087657;1.2435955925883697;1.325663570874385;-0.19200492850106765;-0.034468387235036424;7.24357453557005;-0.9412686567251753
2.2037509413976295;0.34364691382317647;2.081887167686209;0.6471934074514313;-1.480063804848527;0.46887405135146176;-2.1055229245469596;3.2905976732331963;0.24061620538657136;4.370935727704043;-1.1749675537891846;-0.7171963914284486;-0.7886105659124741;-0.3980346676033664;2.405514301921506;-0.842103704930797;-1.8001903636489647;2.2100845937973816;-1.2816988861648277;2.0565070117462385;4.020302836692091;7.478892170507777;1.9191395990179763;1.6194636357232077;-0.42952682730973585;1.5682320308918278;2.7065585193928734;3.5376586287330447;6.091990802978357;1.5984230149136582;2.0641518345893934;1.8072068863315645;5.505233327754873;0.9517023316321804;0.5385902350547548;-0.1482911715855085;4.4314833161111205;1.684794354829243;0.7924277228306899;1.8363934090352811;1.7036671901380949;-0.19636656533839805;-1.0690482146170408;-0.15936506432405784;0.6963870078820068;-1.3205158655463982;2.791836514564371;-0.042810681518749005;-0.10208235665484433;2.886069856996586;-0.4547097642157502;1.5183867950253909;-1.2676894724802539;1.385773241040062;-0.3575660585926533;1.005254920769849;4.7178139902286516;1.661859399947911;-0.4015536947362523;0.4671436824769897;0.5478979221667795;0.20589347172298453;1.0101263031933465;-1.1107877270253443;2.894145946464159;4.938165445459673;-2.3287768393890693;5.134752170915459;2.6373908072728245;2.0731937130805154;-0.3041990885421516;2.57983487508271;0.726694721145043;-0.9581057858828796;-0.8943994855987673;0.4136425141506075;1.1570145170334611;0.13238657788799646;-0.7312465439742092;-1.6643360503528364;-1.677084522005462;-1.4604084061800648;-1.381681731578466;0.5293720549786911;1.6076581783385366;-0.3843117235519899;-1.4217700567197515;0.9084636838548246;1.6547597676510228;9.241012138408482;1.215253628701209;0.5750285780609088;-1.7427825128449352;3.2146190263673877;1.241236166171431;2.6188276286673053;0.03714180874203521;-1.1515880877469375;-0.7030660501074236;0.27339896901031024;1.8589730059210583;2.1210572767172238;4.296653342521003;1.1951487871519777;1.2779605889808907;-0.23494428280465884;-0.08150329930162821;7.017048728279384;-0.8691403447903954
2.2536987617850173;0.16896332682429555;2.213094811571891;0.4945690763719736;-1.5395593136352541;0.5909028978658334;-2.1216539965622;3.3824930557865303;0.512060438705692;4.598183945918915;-1.1718343767009636;-0.7528348366038733;-0.835579910455488;-0.14365731031938797;2.6122797556895825;-0.7898773104368314;-1.8332056597763804;2.24257758192097;-1.362911939259866;1.9626835211008395;3.9676060831335946;7.375340715295263;1.801855230875075;1.4922786433669266;-0.45451709123819756;1.6084075447028259;2.962391941260792;3.636328067508377;5.373595480716634;1.4019706816500337;1.9749023835484856;1.9900746946014642;5.485946240054347;0.8435239061917373;0.5272307000569181;-0.285643884969449;4.555781438575553;1.8758608733419984;0.8846982214643202;1.7958545406797908;1.7999160733290787;-0.16346662063696052;-1.0111322284256798;-0.2821287462544997;0.4463497387468898;-1.4360045051685277;2.7750962207863386;-0.2205654347170405;-0.10612155702315801;2.710633884109516;-0.5541697648503;1.6265206227516054;-1.278655381268067;1.4380183492810108;-0.3132650141624372;0.9848470769508809;4.762197304986386;1.5606861160392087;-0.5200962593444972;0.6435722920393273;0.5137203205600754;0.18154027082809412;0.9222046937957978;-1.1425851345033966;2.827960364653226;4.764170027221122;-2.3770846103488;5.16872638532197;2.4789581400863185;2.0244623219849864;-0.24909644667554062;2.5525643247113607;0.8067708433226175;-0.7576641446099086;-0.8614179156220645;0.47667451524135895;1.0276515826762493;0.1980697760757959;-0.4379528559062335;-1.5367165297035026;-1.5667113697678783;-1.5427937052091818;-1.4917115642185454;0.5647587679707058;1.5517637999990963;-0.43264324558909956;-1.4200328471130468;0.6877494759706425;1.7844647897685106;9.253940132642079;1.132792144171025;0.5832058264282136;-1.852477715480382;3.525869102396679;1.2623001327513117;2.474702443943845;0.1083897890595192;-1.1869828256824262;-0.8008345030854825;0.25998964775076555;1.75778405557994;2.18586273137804;4.229904485245748;1.1625171790516025;1.207410354751294;-0.2681852651983608;-0.06757190806580697;6.754051336546998;-0.8337879284834566
2.3054763925632265;0.09076249679908059;2.26684121961102;0.4420795005736036;-1.5691583461697338;0.6433755956361703;-2.107262220495133;3.4124126910109127;0.5837731369542242;4.690282423333214;-1.1832932401099672;-0.7628501537652557;-0.8382674940318449;-0.03806366359613126;2.7223186534504062;-0.7462149799810073;-1.8625395288366084;2.2564445177325925;-1.4041878767620488;1.925928919750485;3.96119496548078;7.342737646761166;1.7443317977932418;1.4316545562072027;-0.45878325846940404;1.6178996235996341;3.07589603500177;3.6565362983919862;5.037773780794021;1.3062909862407523;1.9260992946062432;2.0647726136138815;5.505813693638416;0.8048654264309913;0.5195366481422953;-0.3367358211529063;4.614062774505569;1.9729757033446451;0.9245332786583239;1.7699116748456885;1.82873594114177;-0.17035385359337019;-1.0001046242433107;-0.3664665252381866;0.328475521767934;-1.516365227667394;2.7742244640295652;-0.2220928106173643;-0.12097359105069116;2.630975574853252;-0.6006413611357369;1.6616542361104163;-1.2957053798358982;1.4461307032334139;-0.2794606461974074;0.9641480650278915;4.77130009813227;1.5188509884092731;-0.5785766437631469;0.7137539979589266;0.48437691801401567;0.19122094203511183;0.9166180976115903;-1.1323246401080245;2.783561213311612;4.700274493129683;-2.4067675877472237;5.193460929113139;2.4037002326655355;2.0067435346220734;-0.2290389119323578;2.5306507001345553;0.8162723249518313;-0.6756592244430111;-0.8468042069813032;0.5094851781371195;0.9305057736883564;0.20284614113836885;-0.3203820711082854;-1.513232980534721;-1.5235679139687506;-1.5852936775721245;-1.5355715892004087;0.5927217985194455;1.5420993965938148;-0.4479931304735592;-1.413601529311493;0.566940638127997;1.8416251607679566;9.242260753822071;1.0832697328924739;0.5967263781354949;-1.8777862286956415;3.6543369021918357;1.2693649197988321;2.442791242150474;0.1557552903267719;-1.203485906396832;-0.833851638705485;0.26183284554071684;1.6906654388073463;2.224849836892435;4.187726814866617;1.1510845316157832;1.198499000089062;-0.24980938522753773;-0.05676049058223572;6.632370428832033;-0.833762182427171
2.3546680742322983;-0.061459997271613845;2.3492083783504656;0.3407115337482933;-1.6122439968269406;0.735375055895822;-2.0650543448023426;3.4455480267402314;0.6818374929243356;4.875965963965768;-1.2133483759137853;-0.7823111090400043;-0.8265140325615766;0.14676272281861547;2.936645019462137;-0.6424164490238025;-1.9281705652632375;2.3018372689517266;-1.4762792516761163;1.8681927853194842;3.95692253350357;7.275847855579457;1.6193182740260383;1.323031631478066;-0.4768099258436147;1.6279900037138515;3.324401829397061;3.6678973103246357;4.371795778967364;1.119767524258882;1.854746208176806;2.199955790814546;5.604604479104963;0.7418522624285643;0.5025037335729764;-0.4262132986416944;4.707348061106405;2.160060504328287;1.0054910990210841;1.6870875960900251;1.8737476465510963;-0.21080041036245842;-0.9800309012629549;-0.5861295223347075;0.0759854851675438;-1.692863276229563;2.7622853840777424;-0.15368106540601723;-0.1528716502350247;2.4794322996413998;-0.6993089959336496;1.7407513068918046;-1.339414928305634;1.4421130924115009;-0.18947432666727337;0.9185270512105795;4.786281701283474;1.4494608889030047;-0.6905325737132696;0.8374401094190511;0.42909148857676366;0.19979764097094954;0.9225804605602838;-1.084998148856563;2.688010293253328;4.559480935086614;-2.476877263910324;5.226560315184826;2.2484755025510306;1.9720772782482365;-0.1817594431031032;2.494231539838687;0.8011098338526482;-0.5296267890886516;-0.8236025349180656;0.573518248771411;0.7135455816692392;0.17650965768998028;-0.07597743536375716;-1.4745785029769993;-1.4690376621986425;-1.6627173020297983;-1.619571700819131;0.6476073236329687;1.5481782848400876;-0.46377278982648446;-1.4010715397884828;0.3220282619064821;1.9562833128688322;9.176130274566132;0.9850889115470163;0.6296474940648895;-1.906739443665249;3.9062429397693084;1.2718948615940762;2.395832253724801;0.26940132568601644;-1.2405545484189715;-0.9046446452761795;0.27553858753399063;1.556758805500393;2.3231884557056848;4.072933706451058;1.1292032801910092;1.173608809201565;-0.17658385583814304;-0.008372348835507118;6.392174754182044;-0.8558641008843391
2.404393004860746;-0.20120440203941298;2.3955811599707424;0.2507157631446347;-1.6327049251318475;0.8169455174207091;-2.0084741830138246;3.4393613381753965;0.7096766863068983;5.059191686187536;-1.2502613766856614;-0.7997271138387831;-0.7934476593920622;0.295046300094062;3.136610034087284;-0.524436860351611;-1.9995680741209239;2.364193896039925;-1.5347760785550408;1.8345652868293054;3.960119787642386;7.213037480819206;1.4841000621089895;1.2326941552356805;-0.5069754476636167;1.6296309839145113;3.5830108536388963;3.6466313525267786;3.747233356832721;0.9462887216064786;1.8191757413887164;2.3101635262768903;5.772283941899861;0.7002396633870994;0.4836688952219958;-0.4951211388639038;4.766493595939276;2.3323520743446773;1.0844132709876355;1.5746683585420447;1.9050261646950155;-0.2872208422446357;-0.9666459585275827;-0.861121846536378;-0.18205650811565197;-1.884703547644472;2.741309758455815;-0.008943630113905865;-0.1912414034183204;2.3422234431350835;-0.7979060350646764;1.8316787620236716;-1.3948878324695264;1.4112960522488838;-0.0711736274310284;0.8643056141677146;4.789749355558298;1.407906964853881;-0.7970358543798897;0.9351504973659363;0.37902591526272295;0.1887243433242429;0.9557723545222105;-1.0053024724683577;2.594021042859923;4.4015770004023365;-2.558195307711233;5.245408237886018;2.0907552258013373;1.9393815287051017;-0.13191283047122876;2.46635902559341;0.7389299826194227;-0.41378330009855624;-0.8130020582821922;0.6347482562420144;0.4686132371783599;0.09983263068946124;0.1736191131489795;-1.4503057564498358;-1.460811611733898;-1.727960669879172;-1.6944715185597838;0.6991150859674878;1.5850784305294567;-0.45721885941339296;-1.3875865801910465;0.09202006048738809;2.074657803052375;9.066921995906608;0.8926692103610354;0.6703584771539243;-1.9049839938031035;4.136151390136378;1.2582595021777787;2.383657029091872;0.40259581079325635;-1.278799976229574;-0.9784817928773775;0.3022745593427101;1.4292763452458537;2.4410166995476317;3.9295267055761287;1.1128826833198546;1.1403867964206198;-0.05427274428163494;0.07118280540269335;6.175297818321645;-0.9029764322535883
2.453215741680045;-0.32136033624759586;2.4059182558143175;0.1785637689255629;-1.630546802858666;0.8983298446557356;-1.9438171478938278;3.3930361384331365;0.6617599312609431;5.23420212340435;-1.2882982341170965;-0.8133112799778595;-0.7435997273548298;0.4079720830198343;3.315739530968687;-0.4042442392711114;-2.0719744857575346;2.4331266214518994;-1.581327296853181;1.8277214494084675;3.963917846984247;7.162504879719553;1.3430147677761595;1.1609603497274286;-0.5476341361531677;1.6278793460803456;3.828902233013373;3.6046927078097912;3.204361964214809;0.7939319371038815;1.8163818002845693;2.390838410091614;5.988830410102113;0.6799564505626163;0.4634505437798078;-0.5395859699036695;4.787545595173544;2.483168769707721;1.1573429825714234;1.4500804040262063;1.9274772343713227;-0.39862095653242663;-0.9650401004560687;-1.1696299735705682;-0.42466922280009073;-2.0823234987542527;2.71857683674591;0.17760122579220994;-0.24029298661923948;2.2227485413593726;-0.8859569420655263;1.9360595978306474;-1.4593365964574017;1.356143706937842;0.07292107363565126;0.7986382046080356;4.772968793800812;1.4044940598557492;-0.9007252576336263;1.0046191458465963;0.3346579463839923;0.152158561779706;1.0191461569598261;-0.901461574441953;2.517442846137605;4.227332269190897;-2.644928163464467;5.261227108050522;1.9347392666804222;1.9103837219401578;-0.0883362148980345;2.4444301786382425;0.6306271345268465;-0.33344870444554353;-0.8200497883487319;0.6927818514901651;0.20011326331386148;-0.02520062364401987;0.4220651977456636;-1.4422541707254255;-1.5004848962937112;-1.7792450194687484;-1.7565360357483046;0.744643639522674;1.6458873500226803;-0.4268999805645384;-1.3702604899383009;-0.09809271360505027;2.200601093869753;8.93502431222924;0.8111750488513905;0.7175178738081419;-1.8734186371074946;4.325209442147436;1.2283268436696975;2.419568436293371;0.5467219875170374;-1.3128304722875979;-1.0508543235892123;0.33969779435364367;1.315160441535141;2.5674928034861786;3.7724997233748696;1.1068565562194257;1.0985125517961452;0.11275535562382677;0.17425421811581554;6.001142769561507;-0.967391561879849
2.5033656856997673;-0.4164328011639382;2.383370118733974;0.12880387271740842;-1.6069439734912998;0.9912772707954671;-1.879242296055002;3.309966328408423;0.5397933446240897;5.394945592678393;-1.319289295858863;-0.8211969771788606;-0.6842358011704724;0.4898370576781253;3.4694695262416673;-0.295724416770943;-2.1400784363858714;2.496400657194005;-1.618663641159132;1.8488182590054119;3.9597596914079944;7.132564471761323;1.2009362596677535;1.1065624174184656;-0.59603718169424;1.6285395195821084;4.039983180854847;3.558414536635497;2.7805726989250306;0.6705783263814755;1.8393415247593108;2.440861024759823;6.226642503768108;0.6777023793021805;0.44220623432823625;-0.5565872526408749;4.766635102286397;2.605847094406571;1.2212675966119355;1.3332224381544309;1.9468618248598617;-0.5421414142435236;-0.9802120702965474;-1.4838047843778481;-0.6313914977320499;-2.273479757756964;2.7027272912911307;0.360926882199025;-0.30384310501233824;2.122667077253098;-0.9523114281570649;2.0569265519652853;-1.5284887767388833;1.2814475014463234;0.23954463255022052;0.7197615393708687;4.727938833445373;1.4486302269512406;-1.0051196427150486;1.0462928000601834;0.29609095117464396;0.0854161668430236;1.1126043189498471;-0.7856727696610784;2.47643578615706;4.038425127220757;-2.7293852586533585;5.286810533128532;1.7840936468508721;1.887150746521588;-0.059627793497051274;2.425135666773696;0.48030054513360493;-0.29117849695272013;-0.8489200735084749;0.7476879998610675;-0.08548720964377587;-0.19111093843051918;0.6654746747092974;-1.4499966077128663;-1.5858836122319417;-1.8156337640258358;-1.8035580968383442;0.7816020327799098;1.720644162714331;-0.37317632039261833;-1.3453358304985632;-0.22299779710839163;2.337491390897157;8.803587845058132;0.7449472617760438;0.7684604911591641;-1.8164118035813517;4.455442925048201;1.1827470926198766;2.514164427059665;0.6916912801367099;-1.337414736001127;-1.117013100327214;0.3833189328475377;1.2207728374678304;2.690611350134014;3.6168776895866235;1.115067546496702;1.0459042310707343;0.3148772055095786;0.2912207775107761;5.884162905050824;-1.0392644306530547
2.5527401722101786;-0.4827378921173876;2.333836526272564;0.10377361621054944;-1.5636229464326727;1.1078685117111768;-1.8239801904217197;3.197534312227355;0.35248021904981175;5.535318967417168;-1.3334149529493788;-0.8217408760349936;-0.6246944774086712;0.5476772035373134;3.595159342142558;-0.21311751866337358;-2.198088584301067;2.5413384028500228;-1.6501078429110063;1.8970848865013905;3.938584007503583;7.130874418582248;1.063023416073146;1.0668002527984604;-0.6484590006943673;1.6376646468231932;4.196502987206783;3.5270396265003354;2.507370537795733;0.5834239630567629;1.8778957443220936;2.462855046015756;6.453364345103879;0.6872427547590462;0.420252211290931;-0.5443226267871749;4.700510160449621;2.694302255597679;1.2744548470411245;1.2444327745791626;1.9690651069957186;-0.7129070992939259;-1.0166078864446992;-1.7721458473621812;-0.7841751935595928;-2.443977151965413;2.702712657474836;0.4900680587307562;-0.3849151432028607;2.041745315996802;-0.9861501277724655;2.1980481168764077;-1.59704002056047;1.1938501008021243;0.4247626755904663;0.6272491488805961;4.6484079366270405;1.5480826579242748;-1.1139105362267832;1.06338169048347;0.26309106660804865;-0.014174748925738187;1.2326029505481642;-0.6727815024086885;2.489556012047663;3.837927574777841;-2.8026902347967004;5.335338985876242;1.641792924686663;1.8715896728056736;-0.053172101043015396;2.4051062671832124;0.2953322067857054;-0.2865123690706778;-0.9024727791401941;0.7999519060801172;-0.3795528972949367;-0.3855200177452849;0.9019722769423618;-1.471252937083323;-1.7110485361730312;-1.8369910265387799;-1.8348601583075872;0.8077583670148233;1.797388282804454;-0.2981912349854998;-1.308940211883772;-0.2594185250617767;2.48770683985107;8.696573427340386;0.6969990920664324;0.8194839119418246;-1.7414921869979645;4.511615683179635;1.1228749666589724;2.674139310692733;0.826789130564579;-1.3481267883225847;-1.1724827667087963;0.42674248072298715;1.151506588235851;2.7981336967326307;3.476965822169428;1.1402136918173194;0.9790560694876279;0.5380077706963543;0.4113033688785321;5.833028864632365;-1.1073212440400357
2.605593991767819;-0.518483979621893;2.265260501562294;0.10339434367330418;-1.502062189684479;1.2590650307529092;-1.787275818005065;3.066591035437964;0.11478352298102087;5.64943687914429;-1.320277147136261;-0.8139146310553728;-0.5754324235575224;0.5906759727683976;3.6919607928276235;-0.16906347044224548;-2.2398166271676723;2.556544641389639;-1.6789370377213717;1.9693951223818271;3.8923644756091265;7.163525026453673;0.9344266046718491;1.0378127641774684;-0.7003836359460716;1.6609453247151955;4.282785257093065;3.5307377231434236;2.4070973253002146;0.5384188426762562;1.9200003281881644;2.4633605862927954;6.635622867782604;0.6999685495492969;0.39790742117214295;-0.5026029608001457;4.587227246041305;2.7436774026821573;1.3167681143480872;1.2020069212679936;1.9991669194602355;-0.9039123440795005;-1.0775919315841611;-2.002619835631592;-0.8695255683893762;-2.578659817582632;2.7264561355909236;0.5141183638469475;-0.48531687262594236;1.9777551075777609;-0.9781989861283034;2.3629636422224265;-1.6592842226018036;1.101126027534966;0.6240715931801829;0.522226649803861;4.531006016782335;1.7081621587963465;-1.2300428186763808;1.061754345384217;0.23514229351221744;-0.14622477325992403;1.3718251390049692;-0.5784822025444439;2.5733445646645063;3.630907276545744;-2.8557226100060493;5.4189533117186235;1.5099670675329258;1.8648192929421092;-0.07402144310061176;2.3817271401653506;0.08633654180929129;-0.3158309322190047;-0.9817871091532518;0.8504127447406402;-0.6712029005222537;-0.5921712986140931;1.1308995983410295;-1.5025674864466336;-1.866393158428432;-1.8438652004791822;-1.8511546989633108;0.8216608313101162;1.8635509856937806;-0.2057557427987954;-1.2580504299949071;-0.18888878329134773;2.652007767655858;8.636374590005488;0.6684529062954825;0.8662771787748319;-1.658772582235035;4.483355539437943;1.0506384465926215;2.9010387904039394;0.9417190540176534;-1.3420789895945937;-1.2136693892320756;0.46207193020737897;1.1113492658995447;2.878663366532421;3.3656152640867805;1.1832543691972424;0.8936208877776408;0.7648210102494547;0.5235671713492901;5.850019930283973;-1.1597811259491875
2.6555235631349206;-0.5237383600877115;2.186658591943867;0.1250478883790913;-1.4225082209974436;1.4529824544271335;-1.7770665629892959;2.930637945939162;-0.15330937253918067;5.731927348351867;-1.270256698091206;-0.7977852037873732;-0.5467756362019925;0.6293542267838269;3.760543432402063;-0.17225651785748988;-2.258769520376251;2.5339527327591767;-1.7075973783119065;2.05982202196593;3.8160044979657277;7.233987871318598;0.8199518952723706;1.0149668054708287;-0.7467512094785664;1.7029860220883144;4.289078398399618;3.588109443578851;2.4893795197583213;0.5396337694220636;1.9533484296998793;2.452875780833404;6.743677225407121;0.7057220233497817;0.3755619930836704;-0.4332771056757287;4.427001963282397;2.751081549968524;1.349960780242093;1.2192654087998633;2.0403137302897227;-1.1059420114657676;-1.1648502946492132;-2.146513079230797;-0.8808890814263998;-2.6626643914939763;2.779224754304611;0.38965570265243654;-0.6051957560702277;1.9264246565919576;-0.9221523588387273;2.5537275262289576;-1.7099207998502162;1.0112190372771022;0.8325229912933401;0.40754774290958357;4.376491491740356;1.9308361715269928;-1.3545835175697842;1.0496764917225074;0.21151954198326733;-0.30603884311517776;1.5189239998299384;-0.5170452198456845;2.7394196609263335;3.4251468525029245;-2.880289873233827;5.547086074785189;1.3897528169125766;1.8664124717173294;-0.12363348087307091;2.35411991377574;-0.13301805560698365;-0.3723205156924631;-1.0856710692005218;0.9001851963030691;-0.9472613312301144;-0.7923759533870985;1.351672418891745;-1.5402503660803033;-2.0390360321931245;-1.8372975363640274;-1.8542632796570688;0.8231312142685294;1.9076898490023868;-0.1011258082481763;-1.1916644148181224;-0.0009463043417518394;2.828826967463011;8.641014550799477;0.6579176326813057;0.9044916478448444;-1.5801069681773665;4.367546847490388;0.9683539739396971;3.1899687621069948;1.027844915139065;-1.318743170646459;-1.2385615817669111;0.4804797425549153;1.1023974164555703;2.922866404468812;3.2935050872682337;1.2428756359172624;0.7852375903253584;0.9763986088497182;0.6181138965423375;5.9306394311458925;-1.1854907174278262
2.703546174803705;-0.5002793761197483;2.1068875053052536;0.16353536294650772;-1.3228079974918994;1.692888138949403;-1.7983952351299641;2.804710877647464;-0.4285197402207792;5.778253844434858;-1.1761564505178645;-0.7750838260173858;-0.5473769183114707;0.6745416299993788;3.802675865159449;-0.22470876320609112;-2.2482508964696453;2.4711918052552306;-1.7367708530578059;2.159174761194817;3.70958736799009;7.3419256463909965;0.7236830055489833;0.9933637179732889;-0.7822644279015222;1.766469173036596;4.213524359366607;3.71317677095183;2.7473006971273857;0.5885551255833379;1.9673636250781648;2.445766616442266;6.75698029911707;0.6938878444377125;0.35377018706015423;-0.3406863526188045;4.223218999998116;2.7164161829207334;1.377949661514155;1.3011718606829448;2.0923920936020015;-1.3075284331862314;-1.2777263656094107;-2.183018252364287;-0.821288624596675;-2.682935285076075;2.8617128957045526;0.08959554342225196;-0.7425718493259418;1.8814412592831593;-0.8163048235727502;2.769362495991554;-1.7450390846945698;0.9310362325215525;1.0448726003766662;0.2879309361317567;4.191113583304281;2.213770341917797;-1.4853787070555924;1.0373940444399905;0.19137962609688636;-0.4831766801796286;1.6583354607074554;-0.49856983651150455;2.9910724368255313;3.231980409837532;-2.870530010212136;5.724550742619001;1.2811495466798857;1.8735093082354635;-0.19846496777052014;2.324292579379344;-0.3463158288399161;-0.4460460391315393;-1.2101465715617399;0.9505647886056079;-1.1922360244223666;-0.9668840324918206;1.5622893704893432;-1.5815826682099339;-2.2133074385225253;-1.8185557541578556;-1.8466942524085093;0.813830892425992;1.9215660682121471;0.009327564498476123;-1.1121809894720338;0.30325569314701617;3.013468027622651;8.72091770539375;0.6608069216265737;0.9304540119936556;-1.5179808361880898;4.170989632747292;0.8784880939145998;3.5282578756656795;1.0796314245689478;-1.2808598771412887;-1.2475251123581592;0.4729421927317149;1.124322269196547;2.9248366971341877;3.2684406637440238;1.3149149620605085;0.6506036555141445;1.1543066504796011;0.6874639691104781;6.063454254134862;-1.1752717201922451
2.7538012709370983;-0.4513340064031309;2.033147104140274;0.21111805359268865;-1.1970576037490321;1.9749228876726075;-1.851558153463532;2.7039658569019402;-0.6865083160434884;5.785063774706791;-1.0351302411530867;-0.7498636030493027;-0.5823795756368275;0.7361295008181786;3.8206631180306956;-0.31862271733912034;-2.2014716856387704;2.3742749446804785;-1.7642943101418198;2.2545177029778642;3.5809818806648925;7.4818627323168885;0.6485609797764236;0.96846348212221;-0.8017551402410494;1.8512069461982428;4.064245615690914;3.9118601312191053;3.1532988123796297;0.6833075237924745;1.9555639465032246;2.460045002883542;6.670652304342522;0.6547497131713909;0.33336781016253947;-0.23214859459201134;3.983601344504446;2.64329054799168;1.4070675230967318;1.4405013056939309;2.15050360154076;-1.4949442046487513;-1.4124886830766505;-2.1045551956104824;-0.7062061821527824;-2.630002040022192;2.9678371819454514;-0.3865279571627498;-0.8928482999575099;1.8345060078189752;-0.665391703754506;3.0040219767225946;-1.7632798362371742;0.8649989145390462;1.255753641790782;0.17005699283495837;3.9880898633231823;2.5492986337205887;-1.6154985141199611;1.036560184137096;0.17387020791786684;-0.6598179929650236;1.7701607782621651;-0.5257633578309174;3.319366149110324;3.0672473158789733;-2.824544461082252;5.949388709558657;1.1828796141210824;1.8798011084374509;-0.28842163769822027;2.2984571981127204;-0.5348284195703196;-0.5241319595574458;-1.34791018169717;1.0029170438864203;-1.3883253366181385;-1.0981807475647718;1.7574919434776781;-1.626285540841791;-2.371430367089582;-1.7887926815147706;-1.8310791189384892;0.7978992953650266;1.9025646469323636;0.11855542752921429;-1.026987440105771;0.706918521616582;3.197211704606847;8.87525562076859;0.6685980287936142;0.9420214932092772;-1.4841347641482325;3.9133253220898436;0.7833655438534743;3.894073858596794;1.096282855965091;-1.2354357271737488;-1.2441909923413224;0.43113907608795266;1.1737866983626943;2.8836062570461936;3.294668403953997;1.3917453546725678;0.48879261825059517;1.2831002339244115;0.728128649179076;6.23015846014368;-1.1234813849906227
2.8012962342075602;-0.38120092517628273;1.9692197573267953;0.2576404183000661;-1.0340672383722702;2.2855468193902433;-1.9299882853286645;2.6419668316068283;-0.9046038919363477;5.750563402497663;-0.8508976856609346;-0.7292457570614563;-0.6512873322163222;0.8216051198380372;3.8166400752442375;-0.43287286738572545;-2.111669937288092;2.260608381282292;-1.7839306873180003;2.328671674097573;3.448803384047038;7.6417164898964485;0.5959216005625303;0.936826479249953;-0.8006109482678332;1.9530806899702313;3.8615504072391946;4.177942051652998;3.6547882184638927;0.8178043420260154;1.9182968095250725;2.517015086920841;6.502866496700097;0.5811124874126309;0.31561410036985643;-0.11847219174272539;3.7215387636192516;2.5400256260418312;1.4462946703219166;1.6135587322392324;2.203241331437587;-1.6522308361503573;-1.5615310347341889;-1.9228258731278025;-0.5667129182623748;-2.500018766184459;3.082242723481794;-1.0008529700638773;-1.048299443200265;1.775440461803803;-0.4826383043067162;3.244861549943655;-1.7671738698251804;0.8133501734526144;1.4598746517697636;0.06262710528274251;3.7891990462541734;2.9233219889490445;-1.7314702313322157;1.0595065231380774;0.15825669080782878;-0.8089324454793355;1.8301187876743192;-0.5902462810137239;3.69873883563832;2.9523632120466536;-2.746261509715035;6.210474158793391;1.092253204001853;1.874385168457902;-0.37516424506450563;2.2885154182562406;-0.67807777983192;-0.5910512929715279;-1.487769506471562;1.0585504313171639;-1.5154530306058764;-1.1732078949619917;1.926575833912308;-1.6782531361471202;-2.4943758127222586;-1.748629917860579;-1.8094675386112276;0.782664847528292;1.8564574617893659;0.2193751749964102;-0.9502548966479768;1.1731496983216412;3.3663303398850277;9.087867530871703;0.6680314207151092;0.9395792045199218;-1.4879212360650458;3.6302290623539317;0.6848237870844426;4.254993602227922;1.0835799834731181;-1.1948288821184445;-1.2364370477701971;0.34851827701728083;1.2438134370850444;2.8048004712116787;3.3722068622303003;1.4616188735451852;0.30281654466734587;1.3532560300895362;0.7423720966798384;6.405861005827691;-1.0297859447986273
2.8551862205549696;-0.29475903129087644;1.9134460496247634;0.29073518889591304;-0.815642499019466;2.5987093875151293;-2.0178734406988674;2.628675323112611;-1.0650296816215503;5.674919194333151;-0.6362447854205778;-0.7242545105413281;-0.7455404649908993;0.934367495280752;3.7917209751955405;-0.5290962601931599;-1.972239842670616;2.1623216744737497;-1.7839924472852928;2.359697452672655;3.3457302718935176;7.801189275367726;0.5649905335787098;0.8969728633252516;-0.7752618693174074;2.0628680536584243;3.6402562243710808;4.4885174011699815;4.169506442854258;0.9808261413705658;1.8658448348038261;2.6407878090018384;6.303146977037566;0.47018980989039516;0.3023580782592299;-0.014499540708353242;3.4575755417984695;2.420746789343441;1.5074696203779183;1.7754478847372954;2.230767788191599;-1.76126326050084;-1.7125048105878775;-1.6756034648506255;-0.4528466925796622;-2.2970656614327907;3.1775207288921603;-1.6640531512228212;-1.1975364949820422;1.6923452870290958;-0.29201785943695535;3.4696195006216786;-1.7646578047999883;0.7702192164704824;1.6522417628991553;-0.023618206691262068;3.626489028214955;3.3141355343949486;-1.8112995361411741;1.1183583599440026;0.144067062030714;-0.8922543924803364;1.8095678851454915;-0.6683835421856321;4.082109434401719;2.9155082688165517;-2.6475301047218887;6.484876763091364;1.0050376655616098;1.8404903688199141;-0.4302707565085615;2.313711803516393;-0.7545272353707382;-0.6290227105195988;-1.614055224048586;1.118573125048168;-1.551331246535462;-1.1865104196489225;2.0508536315446855;-1.7475494333981405;-2.5628923877212473;-1.6976665243145943;-1.7824809857857986;0.7794283867323311;1.8005092019392557;0.3051220187252188;-0.9049415244069798;1.640096275615716;3.50101032075165;9.322755334550926;0.6402511029405402;0.9271796812915338;-1.5343947072485886;3.3768686275701585;0.5838139922417779;4.566527010310269;1.0559152396463156;-1.177922630728903;-1.237462973157142;0.2215251996031133;1.3231045436208213;2.7024383139869523;3.496194209454307;1.5079695386219825;0.10143349900582099;1.3645327811329346;0.7401633775788753;6.55959757097679;-0.9011469928473064
2.9044293141181092;-0.1968614468596006;1.8564368488939063;0.2961105770450223;-0.5146819659050151;2.872743550133396;-2.0875095218270614;2.6681420008346;-1.1586274596209096;5.560685596195874;-0.4158103542068331;-0.7507406097988887;-0.8457981575286939;1.0718245856446833;3.745004969526837;-0.5473921014832462;-1.7768699585925043;2.129918895337158;-1.7458172186707284;2.3203614661797456;3.322175917405301;7.9300211782517;0.5523362052883979;0.8503595426838504;-0.7237270516026872;2.1649577845622576;3.4521315438732616;4.798930212482983;4.58058572168374;1.1550269665530675;1.8219025641802997;2.857663702585601;6.16157859561975;0.3257572375059935;0.2962293664741204;0.060319652200323315;3.2210574813972666;2.306565142169861;1.6054788529640127;1.8548903020231278;2.2026943418675944;-1.8018501970537855;-1.8473836090397147;-1.434255593677755;-0.4372370037995648;-2.035712613530387;3.2111374762949043;-2.2207729401829592;-1.324950842068867;1.5718108614602713;-0.1307181924676292;3.6439064532504317;-1.7707669304662925;0.7214424342776186;1.8284054431124932;-0.07591947180955802;3.5441001725267527;3.6911843343476316;-1.8222798167221839;1.223994022073871;0.13125468465667872;-0.8580623813103655;1.675597743214261;-0.7166418415459104;4.395487361224403;2.9929326817041675;-2.5504441121564474;6.73498222420093;0.9153313424550694;1.7540735794676194;-0.4132546943481651;2.4024549722184623;-0.742400700314927;-0.6185157092200032;-1.7060087554555778;1.1837335677649397;-1.4715515593485553;-1.1438081194684742;2.100768848529256;-1.8526689364563933;-2.5587102499578642;-1.6339127394518407;-1.7483250565766222;0.8043190593815162;1.7669261832045136;0.37040765362238526;-0.9250035265213663;2.0156598277905924;3.57418258510525;9.519153095761988;0.559885670718271;0.9138245819291123;-1.622134915057046;3.2316299149594445;0.47994845802402986;4.77059461008649;1.0385260938148935;-1.2113870864872547;-1.2669588675251613;0.05099706025211065;1.3953121198803167;2.600877524233764;3.6562520728873813;1.5086756290276047;-0.09879999732260158;1.3297597414123057;0.741318411999888;6.655066491474241;-0.7540208054847515
2.9536208070042753;-0.09161498549046891;1.7785217310310635;0.25791958415621696;-0.09309108377307551;3.046984090934021;-2.096388828201251;2.7559001796096454;-1.1890794734260564;5.413259238868241;-0.22915826476376802;-0.830393488557378;-0.9189270728586884;1.2232719795795224;3.672437744418198;-0.40163037072536234;-1.5196906321873855;2.236250806910236;-1.6420956426221693;2.177583700033078;3.450316048088689;7.986103481758754;0.5512804136734588;0.802474771748274;-0.6462215420184962;2.2359522009942174;3.3684558145032586;5.037197086077889;4.731349291463136;1.3158685292363765;1.8274240710746286;3.19538393611386;6.218928955463411;0.16057087257982258;0.3008534769808575;0.08132539393749383;3.0519381640558736;2.2268475449705187;1.7584256401436733;1.748594597773815;2.075762160510797;-1.7518703721469076;-1.941460095783189;-1.3120016876502392;-0.6189773611951231;-1.7438448840257073;3.12207464635402;-2.4336350000014546;-1.4101349293352587;1.3991798484609645;-0.051817087707952535;3.7182040968765353;-1.8095051902787813;0.6421412055842247;1.9847316922063414;-0.07955791827398447;3.6002038417474567;4.013747689517461;-1.7185896043747537;1.3848482972932807;0.12037903876383649;-0.6387634203122957;1.3911907589221335;-0.6664730466895477;4.53208554613145;3.2303794082649144;-2.4898969999073914;6.905370650925047;0.8154418956404695;1.5822868756368866;-0.2694396317468899;2.5943065474087024;-0.6206300431549004;-0.5388638572567505;-1.7371455778185556;1.2542448397562298;-1.2497041225470817;-1.0659924897883426;2.032661288851773;-2.0230612458123716;-2.4659193467524085;-1.5531487209047325;-1.701660425023175;0.8792226923821909;1.806648036834054;0.4119861128854787;-1.0578139572621672;2.1717930944710826;3.550261170180091;9.586171046051271;0.3940700822133667;0.9148885579807569;-1.7408034352105646;3.3001090296849416;0.3709944833961871;4.793958925813472;1.0699266509052923;-1.3310289982045074;-1.3523672527727724;-0.15627795768537756;1.4382602822457893;2.5369047467716053;3.8358657431763077;1.4352813737198646;-0.271231514496191;1.2790530602485954;0.777831864241461;6.6515887978409935;-0.6167706098692449
3.0052786864528875;0.018454909891152747;1.6469337626275646;0.1592114152010259;0.500487657659236;3.038110091012925;-1.984023416812344;2.876061239791292;-1.1776281288324504;5.241359572356936;-0.13413551527202291;-0.9918420716227583;-0.9146961454134601;1.3675530329841832;3.565529204086824;0.025630548274231318;-1.1954306267600534;2.580808042254739;-1.4350514250111157;1.8918678167229417;3.828471561734664;7.913452845756805;0.5512666719584071;0.7640503527364505;-0.5458231064384251;2.243157341234398;3.4826976921448196;5.097917176013552;4.419832438385931;1.4304822740792336;1.9448414652170263;3.682249597626066;6.677682514813083;-0.0009485039609751222;0.3210915661134381;0.01801472378247689;3.002744473210474;2.2205753221306677;1.987777955396402;1.31517598295603;1.7913246381803762;-1.587444595949704;-1.9622751155213083;-1.472904477122369;-1.1277450841375165;-1.4657508741616763;2.8271810168764158;-1.9658197984441868;-1.4272807441587472;1.1588617372541792;-0.12716637436986278;3.6245729990699505;-1.9158922842486397;0.49405643983345415;2.1186976958736574;-0.017954399486292693;3.8690561761951856;4.2295519821636836;-1.4386781124711698;1.6055599532316045;0.11280441193809726;-0.14828201382678927;0.915453234829384;-0.41872367409161537;4.345936928389181;3.6846241461121587;-2.5163669537812536;6.919452775868744;0.695769119214736;1.2818155645638987;0.07231016039849614;2.942137917866894;-0.36993060403420586;-0.3689861138369593;-1.6745941792678167;1.3295928334935914;-0.857524898299856;-0.993548708527231;1.7851837584803185;-2.301919505177593;-2.2725219745326757;-1.4482083128050771;-1.6323324486690682;1.0327826417570154;1.993482272886571;0.42972681301175525;-1.3667893461852056;1.9383782805626606;3.3837898052295667;9.397014089312604;0.1014081542609544;0.9536852936454856;-1.8684334836732708;3.7193709583598475;0.2523146832357376;4.546609614740197;1.2045374707085188;-1.5832296738714047;-1.5302385743504734;-0.38583668730737664;1.4231183846821132;2.561970638125749;4.0117807485318675;1.2521780337644213;-0.37657027086317085;1.264460106504626;0.8963989746894009;6.5052923593671785;-0.5322917964961
